Customer ID,Recency,Frequency,Monetary,AvgOrderValue,Tenure,Cluster,Segment
12346,325,3,77352.96,25784.32,647,4,Loyal
12347,2,8,4921.53,615.1912,404,4,Loyal
12348,75,5,1658.4,331.68,438,0,At Risk
12349,18,3,3678.69,1226.23,589,4,Loyal
12350,310,1,294.4,294.4,310,1,Lost
12351,375,1,300.93,300.93,375,1,Lost
12352,36,9,1729.54,192.1711,392,4,Loyal
12353,204,2,406.76,203.38,408,1,Lost
12354,232,1,1079.4,1079.4,232,0,At Risk
12355,214,2,947.61,473.805,567,0,At Risk
12356,22,6,5611.73,935.2883,424,4,Loyal
12357,33,2,17437.66,8718.83,388,4,Loyal
12358,1,5,3447.07,689.414,731,4,Loyal
12359,57,10,8873.39,887.339,734,4,Loyal
12360,52,6,3612.89,602.1483,655,4,Loyal
12361,287,4,451.25,112.8125,682,0,At Risk
12362,3,10,4737.23,473.723,295,4,Loyal
12363,109,2,552.0,276.0,242,0,At Risk
12364,7,4,1208.1,302.025,112,3,New
12365,291,1,320.69,320.69,291,1,Lost
12366,633,1,500.24,500.24,633,1,Lost
12367,4,1,150.9,150.9,4,3,New
12368,628,1,917.7,917.7,628,1,Lost
12369,413,3,1511.15,503.7167,641,0,At Risk
12370,51,7,3956.56,565.2229,668,4,Loyal
12371,59,4,3347.38,836.845,645,4,Loyal
12372,71,3,1196.04,398.68,296,0,At Risk
12373,311,3,927.65,309.2167,673,0,At Risk
12374,25,3,2669.22,889.74,588,4,Loyal
12375,10,2,377.5,188.75,98,3,New
12376,389,2,383.15,191.575,417,1,Lost
12377,315,4,3266.32,816.58,589,0,At Risk
12378,129,2,5416.32,2708.16,562,0,At Risk
12379,81,4,1470.22,367.555,534,0,At Risk
12380,21,8,7210.65,901.3312,662,4,Loyal
12381,4,3,1474.81,491.6033,119,3,New
12383,184,5,1628.56,325.712,352,0,At Risk
12384,28,2,425.27,212.635,121,3,New
12385,379,1,1668.4,1668.4,379,0,At Risk
12386,337,2,401.9,200.95,366,1,Lost
12387,415,1,143.94,143.94,415,1,Lost
12388,15,8,3901.11,487.6388,582,4,Loyal
12389,402,3,1433.33,477.7767,655,0,At Risk
12390,79,1,504.84,504.84,79,3,New
12391,21,6,2724.84,454.14,662,4,Loyal
12392,591,1,234.75,234.75,591,1,Lost
12393,72,6,2399.45,399.9083,428,4,Loyal
12394,63,2,1080.48,540.24,217,3,New
12395,19,15,4241.17,282.7447,602,4,Loyal
12396,674,1,931.43,931.43,674,1,Lost
12397,35,2,2214.9,1107.45,135,3,New
12398,45,1,1435.66,1435.66,45,3,New
12399,119,7,1842.3,263.1857,644,0,At Risk
12400,414,1,205.25,205.25,414,1,Lost
12401,303,1,69.3,69.3,303,1,Lost
12402,323,6,1136.9,189.4833,670,0,At Risk
12403,49,2,947.36,473.68,521,3,New
12405,148,1,1390.39,1390.39,148,0,At Risk
12406,22,5,6390.36,1278.072,697,4,Loyal
12407,49,5,1507.12,301.424,264,4,Loyal
12408,32,8,3905.77,488.2212,498,4,Loyal
12409,78,7,23419.29,3345.6129,565,4,Loyal
12410,308,3,773.71,257.9033,502,0,At Risk
12411,409,1,346.9,346.9,409,1,Lost
12412,74,6,2404.93,400.8217,539,4,Loyal
12413,66,4,871.45,217.8625,402,0,At Risk
12414,217,4,532.41,133.1025,463,0,At Risk
12415,24,24,144033.37,6001.3904,527,2,Champions
12416,656,1,202.56,202.56,656,1,Lost
12417,3,20,5998.41,299.9205,733,2,Champions
12418,112,4,2021.2,505.3,630,0,At Risk
12419,385,2,391.01,195.505,413,1,Lost
12420,63,1,600.39,600.39,63,3,New
12421,15,6,874.6,145.7667,505,3,New
12422,95,12,3639.35,303.2792,721,4,Loyal
12423,0,10,2301.39,230.139,465,2,Champions
12424,162,4,3340.03,835.0075,548,0,At Risk
12425,78,2,1741.41,870.705,448,0,At Risk
12426,194,2,1201.21,600.605,662,0,At Risk
12427,21,3,699.8,233.2667,371,3,New
12428,25,8,6405.26,800.6575,283,4,Loyal
12429,9,8,5842.41,730.3012,546,4,Loyal
12430,43,1,216.4,216.4,43,3,New
12431,35,25,10102.22,404.0888,693,2,Champions
12432,42,4,4359.32,1089.83,172,4,Loyal
12433,0,10,16794.14,1679.414,476,2,Champions
12434,84,3,1103.43,367.81,381,0,At Risk
12435,79,6,13925.93,2320.9883,737,4,Loyal
12436,99,1,429.01,429.01,99,1,Lost
12437,1,38,11282.4,296.9053,737,2,Champions
12438,14,2,2466.85,1233.425,140,3,New
12439,682,2,1142.88,571.44,725,0,At Risk
12440,462,2,739.2,369.6,717,0,At Risk
12441,366,1,155.55,155.55,366,1,Lost
12442,3,1,144.06,144.06,3,3,New
12443,732,1,365.31,365.31,732,1,Lost
12444,21,5,4085.46,817.092,171,4,Loyal
12445,22,2,378.98,189.49,420,3,New
12446,57,1,1002.31,1002.31,57,3,New
12447,243,1,431.49,431.49,243,1,Lost
12448,44,1,365.45,365.45,44,3,New
12449,22,5,4274.89,854.978,438,4,Loyal
12450,156,5,688.2,137.64,474,0,At Risk
12451,10,8,12629.88,1578.735,529,4,Loyal
12452,16,1,348.57,348.57,16,3,New
12453,134,1,707.09,707.09,134,1,Lost
12454,56,4,16459.78,4114.945,421,4,Loyal
12455,73,9,5722.95,635.8833,721,4,Loyal
12456,44,3,2581.04,860.3467,254,4,Loyal
12457,66,7,2555.91,365.13,435,4,Loyal
12458,71,4,1502.49,375.6225,487,0,At Risk
12459,605,1,398.36,398.36,605,1,Lost
12460,456,1,296.65,296.65,456,1,Lost
12461,154,1,626.88,626.88,154,1,Lost
12462,18,2,937.59,468.795,303,3,New
12463,53,4,1200.78,300.195,241,0,At Risk
12464,10,8,957.05,119.6312,309,4,Loyal
12465,17,2,682.19,341.095,169,3,New
12467,423,1,132.8,132.8,423,1,Lost
12468,187,5,3238.74,647.748,682,0,At Risk
12469,522,2,3070.54,1535.27,536,0,At Risk
12470,689,1,211.95,211.95,689,1,Lost
12471,2,71,35099.9,494.3648,732,2,Champions
12472,32,19,14971.29,787.9626,725,2,Champions
12473,53,3,2585.73,861.91,191,0,At Risk
12474,17,29,11310.75,390.0259,666,2,Champions
12475,53,2,1065.64,532.82,409,3,New
12476,15,18,12319.91,684.4394,501,2,Champions
12477,22,9,20276.37,2252.93,623,4,Loyal
12478,3,1,545.99,545.99,3,3,New
12479,11,1,473.2,473.2,11,3,New
12480,28,7,4834.85,690.6929,507,4,Loyal
12481,22,14,11033.51,788.1079,607,2,Champions
12482,576,27,21941.72,812.6563,653,4,Loyal
12483,17,19,4069.18,214.1674,677,4,Loyal
12484,35,9,5557.1,617.4556,681,4,Loyal
12485,529,1,708.1,708.1,529,1,Lost
12486,431,1,917.28,917.28,431,1,Lost
12487,730,1,285.3,285.3,730,1,Lost
12488,9,3,1244.66,414.8867,75,3,New
12489,336,1,298.93,298.93,336,1,Lost
12490,5,20,8764.64,438.232,738,2,Champions
12491,38,1,424.4,424.4,38,3,New
12492,63,3,607.21,202.4033,403,3,New
12493,165,2,379.74,189.87,197,1,Lost
12494,15,9,1563.27,173.6967,576,4,Loyal
12495,640,1,277.4,277.4,640,1,Lost
12496,620,2,45.34,22.67,620,1,Lost
12497,81,3,5996.5,1998.8333,644,4,Loyal
12498,21,3,349.7,116.5667,57,3,New
12499,560,1,357.72,357.72,560,1,Lost
12500,23,18,5559.21,308.845,673,4,Loyal
12501,336,1,2025.39,2025.39,336,0,At Risk
12502,95,5,2995.87,599.174,309,4,Loyal
12503,584,1,896.0,896.0,584,1,Lost
12504,18,4,689.05,172.2625,596,3,New
12505,408,1,787.2,787.2,408,1,Lost
12506,232,1,73.5,73.5,232,1,Lost
12507,134,4,1508.06,377.015,584,0,At Risk
12508,26,2,397.88,198.94,29,3,New
12509,284,1,158.5,158.5,284,1,Lost
12510,142,7,3039.03,434.1471,735,4,Loyal
12511,428,1,3084.02,3084.02,428,0,At Risk
12512,66,2,132.18,66.09,66,1,Lost
12513,112,1,558.29,558.29,112,1,Lost
12514,267,2,1597.76,798.88,641,0,At Risk
12515,353,1,278.7,278.7,353,1,Lost
12516,77,4,2288.62,572.155,599,0,At Risk
12517,28,4,2301.6,575.4,190,4,Loyal
12518,0,5,1840.89,368.178,110,4,Loyal
12519,63,2,626.54,313.27,476,3,New
12520,79,5,2346.26,469.252,273,4,Loyal
12521,142,1,545.68,545.68,142,1,Lost
12522,39,2,156.72,78.36,51,3,New
12523,19,23,4010.35,174.363,732,2,Champions
12524,9,17,9794.11,576.1241,669,2,Champions
12525,498,3,883.73,294.5767,647,0,At Risk
12526,0,3,1172.66,390.8867,94,3,New
12527,81,5,717.51,143.502,529,0,At Risk
12528,9,6,1645.48,274.2467,312,4,Loyal
12529,528,1,316.48,316.48,528,1,Lost
12530,59,9,3381.26,375.6956,642,4,Loyal
12531,14,2,1771.2,885.6,686,3,New
12532,30,1,313.83,313.83,30,3,New
12533,627,2,1223.89,611.945,738,0,At Risk
12534,130,1,981.18,981.18,130,0,At Risk
12535,91,2,716.35,358.175,186,0,At Risk
12536,59,1,4279.71,4279.71,59,0,At Risk
12537,408,1,612.94,612.94,408,1,Lost
12538,29,2,640.45,320.225,378,3,New
12539,22,7,11186.75,1598.1071,716,4,Loyal
12540,19,32,19250.49,601.5778,732,2,Champions
12541,29,3,841.18,280.3933,280,3,New
12542,484,2,481.88,240.94,640,1,Lost
12543,448,1,840.25,840.25,448,1,Lost
12544,36,1,316.7,316.7,36,3,New
12545,75,2,832.39,416.195,259,3,New
12546,46,2,1021.5,510.75,77,3,New
12547,197,3,299.58,99.86,500,1,Lost
12548,166,1,67.2,67.2,166,1,Lost
12549,575,5,1570.68,314.136,697,0,At Risk
12550,79,1,824.83,824.83,79,3,New
12551,357,1,168.0,168.0,357,1,Lost
12552,39,1,317.82,317.82,39,3,New
12553,8,12,4104.75,342.0625,423,4,Loyal
12554,448,1,384.5,384.5,448,1,Lost
12556,50,2,599.56,299.78,151,3,New
12557,16,8,18096.14,2262.0175,722,4,Loyal
12558,7,1,269.96,269.96,7,3,New
12559,310,2,525.71,262.855,319,1,Lost
12560,5,2,1918.01,959.005,143,3,New
12561,302,1,238.85,238.85,302,1,Lost
12562,8,9,4426.92,491.88,435,4,Loyal
12563,408,1,221.24,221.24,408,1,Lost
12564,261,1,402.9,402.9,261,1,Lost
12565,288,1,145.92,145.92,288,1,Lost
12566,86,1,297.65,297.65,86,1,Lost
12567,22,15,10741.48,716.0987,666,2,Champions
12568,644,1,52.0,52.0,644,1,Lost
12569,2,32,3152.69,98.5216,252,2,Champions
12571,39,2,519.61,259.805,121,3,New
12572,8,2,912.42,456.21,51,3,New
12573,227,5,717.41,143.482,465,0,At Risk
12574,315,1,182.45,182.45,315,1,Lost
12575,457,2,568.82,284.41,526,1,Lost
12576,35,8,2062.72,257.84,526,4,Loyal
12577,35,8,1613.15,201.6438,736,4,Loyal
12578,21,4,4026.45,1006.6125,443,4,Loyal
12579,78,1,386.42,386.42,78,3,New
12580,246,2,962.9,481.45,576,0,At Risk
12581,39,1,179.71,179.71,39,3,New
12582,238,4,1820.4,455.1,577,0,At Risk
12583,2,27,12493.58,462.7252,733,2,Champions
12584,3,9,2254.15,250.4611,280,4,Loyal
12585,234,2,1824.1,912.05,351,0,At Risk
12586,17,4,2062.67,515.6675,723,4,Loyal
12587,7,1,104.0,104.0,7,3,New
12588,39,3,718.78,239.5933,597,3,New
12589,28,6,3294.91,549.1517,689,4,Loyal
12590,211,1,9341.26,9341.26,211,0,At Risk
12591,317,3,1114.95,371.65,408,0,At Risk
12592,92,4,1723.64,430.91,519,0,At Risk
12593,108,3,382.1,127.3667,218,0,At Risk
12594,37,14,4890.11,349.2936,646,4,Loyal
12595,504,1,281.02,281.02,504,1,Lost
12596,51,2,450.27,225.135,242,3,New
12597,19,4,3195.22,798.805,268,4,Loyal
12598,9,10,4192.09,419.209,648,4,Loyal
12599,29,13,2026.72,155.9015,577,4,Loyal
12600,28,20,4385.85,219.2925,732,4,Loyal
12601,189,6,573.26,95.5433,404,0,At Risk
12602,58,1,153.12,153.12,58,1,Lost
12603,21,1,613.2,613.2,21,3,New
12604,79,2,236.18,118.09,261,3,New
12605,376,3,1124.95,374.9833,458,0,At Risk
12607,60,1,1579.51,1579.51,60,3,New
12608,404,1,415.79,415.79,404,1,Lost
12609,78,9,3021.86,335.7622,719,4,Loyal
12610,22,4,1747.54,436.885,126,4,Loyal
12611,52,1,1193.32,1193.32,52,3,New
12612,74,1,668.04,668.04,74,3,New
12613,57,9,6277.37,697.4856,725,4,Loyal
12614,277,1,315.6,315.6,277,1,Lost
12615,2,8,5362.98,670.3725,631,4,Loyal
12616,95,3,1023.1,341.0333,388,0,At Risk
12617,29,1,352.98,352.98,29,3,New
12618,21,1,137.31,137.31,21,3,New
12619,16,9,3085.7,342.8556,560,4,Loyal
12620,14,3,1303.41,434.47,204,3,New
12621,1,35,22097.2,631.3486,668,2,Champions
12622,232,1,162.1,162.1,232,1,Lost
12623,276,7,3315.84,473.6914,696,0,At Risk
12624,106,2,569.13,284.565,177,0,At Risk
12625,211,4,4678.88,1169.72,596,0,At Risk
12626,23,9,5954.48,661.6089,326,4,Loyal
12627,10,6,4082.53,680.4217,140,4,Loyal
12628,4,3,732.46,244.1533,64,3,New
12629,385,2,1198.22,599.11,423,0,At Risk
12630,9,2,1030.88,515.44,43,3,New
12631,57,6,3321.57,553.595,693,4,Loyal
12632,520,2,714.88,357.44,564,0,At Risk
12633,58,7,5156.16,736.5943,525,4,Loyal
12634,548,1,360.0,360.0,548,1,Lost
12635,89,4,2624.41,656.1025,456,0,At Risk
12637,67,12,8085.81,673.8175,543,4,Loyal
12638,33,2,681.49,340.745,639,3,New
12639,238,3,1072.37,357.4567,627,0,At Risk
12640,23,3,994.58,331.5267,81,3,New
12641,115,1,145.9,145.9,115,1,Lost
12642,25,3,905.26,301.7533,107,3,New
12643,128,11,7803.82,709.4382,611,4,Loyal
12644,129,4,1900.49,475.1225,694,0,At Risk
12645,33,8,3215.3,401.9125,668,4,Loyal
12646,4,2,1346.97,673.485,49,3,New
12647,22,35,14109.55,403.13,695,2,Champions
12648,154,4,1039.0,259.75,701,0,At Risk
12649,107,8,2096.65,262.0812,696,4,Loyal
12650,3,1,242.44,242.44,3,3,New
12651,334,4,377.75,94.4375,465,0,At Risk
12652,331,2,891.03,445.515,434,0,At Risk
12653,148,3,4160.83,1386.9433,526,0,At Risk
12654,10,5,529.98,105.996,295,3,New
12655,423,1,243.35,243.35,423,1,Lost
12656,17,8,5723.83,715.4788,562,4,Loyal
12657,11,4,1427.18,356.795,78,3,New
12658,18,1,632.05,632.05,18,3,New
12659,29,1,73.68,73.68,29,3,New
12660,11,1,227.1,227.1,11,3,New
12661,436,1,162.0,162.0,436,1,Lost
12662,0,20,6130.54,306.527,617,2,Champions
12663,624,2,185.4,92.7,668,1,Lost
12664,8,11,5420.04,492.7309,726,4,Loyal
12665,324,3,259.6,86.5333,669,1,Lost
12666,394,1,1248.42,1248.42,394,0,At Risk
12667,58,1,460.13,460.13,58,3,New
12668,11,9,9906.03,1100.67,677,4,Loyal
12669,150,2,1427.73,713.865,256,0,At Risk
12670,10,7,3436.29,490.8986,666,4,Loyal
12671,606,1,2622.481,2622.481,606,0,At Risk
12672,329,2,407.05,203.525,595,1,Lost
12673,5,3,1140.02,380.0067,401,3,New
12674,38,4,1844.6,461.15,207,4,Loyal
12675,553,2,873.25,436.625,578,0,At Risk
12676,24,10,2333.09,233.309,483,4,Loyal
12677,555,2,359.1,179.55,666,1,Lost
12678,42,15,32595.18,2173.012,701,2,Champions
12679,58,4,951.02,237.755,283,3,New
12680,0,4,790.81,197.7025,113,3,New
12681,14,44,26936.76,612.1991,726,2,Champions
12682,3,51,20736.22,406.5925,738,2,Champions
12683,4,20,10445.7,522.285,726,2,Champions
12684,7,6,2073.63,345.605,213,4,Loyal
12685,28,6,2575.08,429.18,93,4,Loyal
12686,371,1,71.14,71.14,371,1,Lost
12687,480,1,1858.91,1858.91,480,0,At Risk
12688,113,1,4873.81,4873.81,113,0,At Risk
12689,25,2,1139.61,569.805,127,3,New
12690,205,1,335.01,335.01,205,1,Lost
12691,28,6,1044.4,174.0667,420,4,Loyal
12692,637,1,110.95,110.95,637,1,Lost
12693,127,7,1415.02,202.1457,522,0,At Risk
12694,70,3,1663.35,554.45,421,0,At Risk
12695,7,7,1371.12,195.8743,665,4,Loyal
12696,434,2,731.91,365.955,508,0,At Risk
12697,28,3,757.59,252.53,169,3,New
12698,590,1,285.75,285.75,590,1,Lost
12699,417,1,566.11,566.11,417,1,Lost
12700,7,4,4525.99,1131.4975,215,4,Loyal
12701,79,6,2248.41,374.735,633,4,Loyal
12702,19,1,201.0,201.0,19,3,New
12703,71,4,898.53,224.6325,684,0,At Risk
12704,7,8,1740.84,217.605,169,4,Loyal
12705,15,13,11114.1,854.9308,533,2,Champions
12707,291,1,603.42,603.42,291,1,Lost
12708,29,18,4559.66,253.3144,721,4,Loyal
12709,15,32,29487.18,921.4744,730,2,Champions
12710,96,3,1023.02,341.0067,201,0,At Risk
12711,611,2,1213.05,606.525,676,0,At Risk
12712,28,21,5985.03,285.0014,730,2,Champions
12713,0,1,794.55,794.55,0,3,New
12714,9,12,12815.71,1067.9758,735,2,Champions
12715,106,1,263.36,263.36,106,1,Lost
12716,3,2,963.49,481.745,133,3,New
12717,151,3,1058.91,352.97,590,0,At Risk
12718,71,1,202.25,202.25,71,1,Lost
12719,5,2,572.95,286.475,65,3,New
12720,2,29,6905.28,238.1131,506,2,Champions
12721,31,8,3635.08,454.385,471,4,Loyal
12722,85,4,979.63,244.9075,150,0,At Risk
12723,3,5,707.07,141.414,65,3,New
12724,5,7,2083.52,297.6457,535,4,Loyal
12725,371,3,1906.76,635.5867,584,0,At Risk
12726,28,11,3690.6,335.5091,624,4,Loyal
12727,10,10,4905.53,490.553,654,4,Loyal
12728,71,5,926.17,185.234,383,0,At Risk
12729,113,1,417.01,417.01,113,1,Lost
12730,521,1,703.25,703.25,521,1,Lost
12731,23,17,25631.71,1507.7476,647,2,Champions
12732,179,1,218.26,218.26,179,1,Lost
12733,234,4,2424.02,606.005,689,0,At Risk
12734,352,3,603.65,201.2167,392,0,At Risk
12735,315,2,689.57,344.785,337,0,At Risk
12736,332,1,144.0,144.0,332,1,Lost
12738,372,1,137.35,137.35,372,1,Lost
12739,99,2,2421.23,1210.615,394,0,At Risk
12740,63,1,427.6,427.6,63,3,New
12741,533,1,236.07,236.07,533,1,Lost
12742,625,1,1201.52,1201.52,625,0,At Risk
12743,134,2,540.13,270.065,134,0,At Risk
12744,56,8,13158.16,1644.77,591,4,Loyal
12745,486,2,723.85,361.925,574,0,At Risk
12746,540,1,254.55,254.55,540,1,Lost
12747,2,26,8898.48,342.2492,732,2,Champions
12748,0,322,49176.74,152.7228,735,2,Champions
12749,3,9,6847.36,760.8178,521,2,Champions
12750,128,1,275.88,275.88,128,1,Lost
12751,444,1,268.27,268.27,444,1,Lost
12752,81,1,4366.78,4366.78,81,0,At Risk
12753,22,6,21429.39,3571.565,362,4,Loyal
12754,235,3,3010.74,1003.58,308,0,At Risk
12755,280,11,5236.26,476.0236,693,4,Loyal
12756,86,1,112.08,112.08,86,1,Lost
12757,15,9,4176.75,464.0833,211,4,Loyal
12758,116,7,9903.24,1414.7486,738,4,Loyal
12759,52,8,4618.74,577.3425,735,4,Loyal
12760,455,1,317.8,317.8,455,1,Lost
12761,464,1,712.95,712.95,464,1,Lost
12762,7,2,1702.52,851.26,25,3,New
12763,138,2,494.08,247.04,369,0,At Risk
12764,316,1,1693.88,1693.88,316,0,At Risk
12765,472,6,1299.58,216.5967,641,0,At Risk
12766,3,9,8134.99,903.8878,407,2,Champions
12767,375,1,949.82,949.82,375,0,At Risk
12768,450,1,168.69,168.69,450,1,Lost
12769,238,1,1143.6,1143.6,238,0,At Risk
12770,210,2,3246.45,1623.225,456,0,At Risk
12771,485,1,226.3,226.3,485,1,Lost
12772,59,1,752.47,752.47,59,3,New
12773,564,1,124.25,124.25,564,1,Lost
12774,535,1,83.7,83.7,535,1,Lost
12775,17,7,1551.12,221.5886,409,4,Loyal
12776,667,1,27.5,27.5,667,1,Lost
12777,457,1,519.45,519.45,457,1,Lost
12778,19,9,1541.68,171.2978,602,4,Loyal
12779,37,14,6474.11,462.4364,736,4,Loyal
12780,598,1,322.4,322.4,598,1,Lost
12781,63,2,786.74,393.37,284,3,New
12782,4,11,3862.24,351.1127,519,4,Loyal
12783,2,4,1295.87,323.9675,75,3,New
12784,15,2,1511.15,755.575,529,3,New
12785,364,3,904.4,301.4667,731,0,At Risk
12786,609,1,668.5,668.5,609,1,Lost
12787,9,4,799.18,199.795,413,3,New
12788,463,4,384.9,96.225,528,0,At Risk
12789,65,3,225.35,75.1167,693,3,New
12790,192,2,546.85,273.425,410,0,At Risk
12791,373,5,656.83,131.366,624,0,At Risk
12792,256,2,715.01,357.505,534,0,At Risk
12793,334,3,745.53,248.51,401,0,At Risk
12794,53,2,860.41,430.205,98,3,New
12795,18,1,318.48,318.48,18,3,New
12796,628,1,351.0,351.0,628,1,Lost
12797,365,2,468.08,234.04,424,1,Lost
12798,10,4,8510.93,2127.7325,421,4,Loyal
12799,529,1,219.35,219.35,529,1,Lost
12800,470,2,500.25,250.125,676,1,Lost
12801,500,1,871.82,871.82,500,1,Lost
12802,186,5,2186.42,437.284,563,0,At Risk
12803,393,1,1017.81,1017.81,393,0,At Risk
12804,465,2,325.37,162.685,500,1,Lost
12805,381,4,1230.95,307.7375,674,0,At Risk
12806,572,2,2558.96,1279.48,588,0,At Risk
12807,383,1,250.35,250.35,383,1,Lost
12808,36,5,748.7,149.74,462,3,New
12809,177,3,1384.34,461.4467,647,0,At Risk
12810,534,2,534.99,267.495,676,1,Lost
12811,261,4,893.9,223.475,427,0,At Risk
12812,44,1,229.64,229.64,44,3,New
12813,501,3,1621.8,540.6,693,0,At Risk
12814,101,1,85.92,85.92,101,1,Lost
12815,147,2,863.46,431.73,198,0,At Risk
12816,95,2,452.2,226.1,176,3,New
12817,281,3,570.98,190.3267,434,0,At Risk
12818,261,1,1182.08,1182.08,261,0,At Risk
12819,458,1,540.52,540.52,458,1,Lost
12820,3,11,2689.52,244.5018,734,4,Loyal
12821,214,2,220.8,110.4,611,1,Lost
12822,70,2,948.88,474.44,87,3,New
12823,74,18,6501.5,361.1944,679,4,Loyal
12824,59,1,397.12,397.12,59,3,New
12825,521,2,518.63,259.315,641,1,Lost
12826,2,12,2800.75,233.3958,721,2,Champions
12827,5,3,430.15,143.3833,44,3,New
12828,2,6,1018.71,169.785,130,3,New
12829,336,3,385.3,128.4333,550,0,At Risk
12830,37,6,6814.64,1135.7733,171,4,Loyal
12831,262,3,451.11,150.37,463,0,At Risk
12832,32,2,383.03,191.515,98,3,New
12833,145,1,417.38,417.38,145,1,Lost
12834,282,1,312.38,312.38,282,1,Lost
12835,427,41,5996.83,146.2641,736,4,Loyal
12836,59,15,6559.73,437.3153,738,4,Loyal
12837,173,2,662.66,331.33,569,0,At Risk
12838,33,10,2975.91,297.591,592,4,Loyal
12839,2,26,9669.12,371.8892,732,2,Champions
12840,143,7,4041.97,577.4243,674,4,Loyal
12841,4,40,6958.2,173.955,519,2,Champions
12842,70,4,1917.99,479.4975,737,0,At Risk
12843,65,28,6461.87,230.7811,726,2,Champions
12844,29,4,648.6,162.15,593,3,New
12845,267,4,354.09,88.5225,290,0,At Risk
12847,22,2,1609.0,804.5,387,3,New
12848,675,1,208.0,208.0,675,1,Lost
12849,31,6,3015.98,502.6633,591,4,Loyal
12850,445,1,330.0,330.0,445,1,Lost
12851,96,2,280.76,140.38,477,1,Lost
12852,294,1,311.55,311.55,294,1,Lost
12853,134,11,3907.5,355.2273,672,4,Loyal
12854,78,7,2970.97,424.4243,728,4,Loyal
12855,372,4,612.84,153.21,402,0,At Risk
12856,7,6,2170.78,361.7967,63,4,Loyal
12857,210,6,3688.0,614.6667,683,0,At Risk
12858,383,1,147.27,147.27,383,1,Lost
12859,458,1,575.1,575.1,458,1,Lost
12860,693,1,54.22,54.22,693,1,Lost
12861,619,1,68.25,68.25,619,1,Lost
12862,425,2,984.62,492.31,495,0,At Risk
12863,52,6,2792.55,465.425,589,4,Loyal
12864,138,2,299.57,149.785,508,1,Lost
12865,26,4,3323.47,830.8675,476,4,Loyal
12866,283,3,1092.35,364.1167,502,0,At Risk
12867,26,13,7829.26,602.2508,723,4,Loyal
12868,185,8,2043.76,255.47,392,0,At Risk
12869,681,1,337.67,337.67,681,1,Lost
12870,375,3,1676.95,558.9833,624,0,At Risk
12871,84,3,744.02,248.0067,439,0,At Risk
12872,326,12,3283.96,273.6633,736,0,At Risk
12873,282,3,2027.3,675.7667,681,0,At Risk
12874,385,2,873.42,436.71,554,0,At Risk
12875,143,5,1356.99,271.398,697,0,At Risk
12876,57,4,3751.79,937.9475,590,4,Loyal
12877,3,20,2942.14,147.107,690,2,Champions
12878,236,2,854.99,427.495,266,0,At Risk
12879,44,3,573.22,191.0733,91,3,New
12880,381,2,640.13,320.065,574,0,At Risk
12881,275,1,298.0,298.0,275,1,Lost
12882,9,2,1463.04,731.52,33,3,New
12883,24,4,703.47,175.8675,89,3,New
12884,88,1,309.05,309.05,88,1,Lost
12885,63,3,1175.22,391.74,123,0,At Risk
12886,67,2,1378.4,689.2,219,0,At Risk
12887,383,1,222.4,222.4,383,1,Lost
12888,214,2,354.12,177.06,255,1,Lost
12889,381,4,385.46,96.365,502,0,At Risk
12890,24,2,706.02,353.01,387,3,New
12891,185,11,840.5,76.4091,659,0,At Risk
12892,396,1,263.38,263.38,396,1,Lost
12893,30,1,176.55,176.55,30,3,New
12894,575,1,157.35,157.35,575,1,Lost
12895,42,2,372.8,186.4,86,3,New
12897,204,4,514.25,128.5625,543,0,At Risk
12898,463,2,296.21,148.105,659,1,Lost
12899,413,1,366.4,366.4,413,1,Lost
12900,422,1,340.33,340.33,422,1,Lost
12901,8,28,17654.54,630.5193,270,2,Champions
12902,264,1,138.68,138.68,264,1,Lost
12903,428,1,833.53,833.53,428,1,Lost
12904,18,2,496.06,248.03,172,3,New
12905,576,2,1018.42,509.21,682,0,At Risk
12906,11,5,2919.81,583.962,78,4,Loyal
12907,395,2,508.91,254.455,494,1,Lost
12908,176,5,1776.0,355.2,630,0,At Risk
12909,39,8,3103.19,387.8988,653,4,Loyal
12910,23,13,5796.52,445.8862,621,4,Loyal
12911,551,1,1651.72,1651.72,551,0,At Risk
12912,2,5,1662.3,332.46,40,4,Loyal
12913,4,13,6283.24,483.3262,738,2,Champions
12914,400,1,223.98,223.98,400,1,Lost
12915,148,4,975.1,243.775,589,0,At Risk
12916,138,7,4479.73,639.9614,684,4,Loyal
12917,128,6,4359.2,726.5333,730,4,Loyal
12919,8,6,1335.19,222.5317,169,4,Loyal
12920,17,4,486.64,121.66,725,3,New
12921,9,74,35233.24,476.1249,738,2,Champions
12922,161,1,405.38,405.38,161,1,Lost
12923,64,3,769.17,256.39,575,3,New
12924,88,12,2461.45,205.1208,730,4,Loyal
12925,4,3,729.33,243.11,592,3,New
12926,411,4,1523.59,380.8975,725,0,At Risk
12927,394,1,197.31,197.31,394,1,Lost
12928,35,12,4304.89,358.7408,549,4,Loyal
12929,311,1,117.85,117.85,311,1,Lost
12930,78,2,415.8,207.9,171,3,New
12931,21,57,92347.34,1620.1288,738,2,Champions
12932,539,8,1698.56,212.32,667,0,At Risk
12933,24,8,1636.63,204.5787,729,4,Loyal
12934,736,1,181.65,181.65,736,1,Lost
12935,2,15,4243.86,282.924,607,2,Champions
12936,17,4,1063.9,265.975,78,3,New
12937,15,9,3097.61,344.1789,736,4,Loyal
12938,25,1,114.14,114.14,25,3,New
12939,64,20,25264.8,1263.24,696,2,Champions
12940,54,2,899.69,449.845,87,3,New
12941,724,1,377.49,377.49,724,1,Lost
12942,131,3,675.6,225.2,365,0,At Risk
12943,558,2,496.5,248.25,605,1,Lost
12944,35,2,604.51,302.255,354,3,New
12945,288,2,900.11,450.055,656,0,At Risk
12946,436,1,324.45,324.45,436,1,Lost
12947,143,6,1603.99,267.3317,373,0,At Risk
12948,16,9,2317.43,257.4922,737,4,Loyal
12949,30,22,15526.7,705.7591,736,2,Champions
12950,2,3,1843.0,614.3333,24,3,New
12951,8,15,3213.72,214.248,698,4,Loyal
12952,5,4,1387.79,346.9475,78,3,New
12953,9,2,828.81,414.405,522,3,New
12954,638,1,162.45,162.45,638,1,Lost
12955,1,11,4757.16,432.4691,267,2,Champions
12956,306,4,521.89,130.4725,724,0,At Risk
12957,9,13,8706.97,669.7669,728,2,Champions
12958,400,2,467.34,233.67,583,1,Lost
12959,484,1,150.95,150.95,484,1,Lost
12960,413,4,1322.07,330.5175,661,0,At Risk
12961,379,1,211.99,211.99,379,1,Lost
12962,7,2,266.39,133.195,113,3,New
12963,8,12,3235.79,269.6492,519,4,Loyal
12964,437,1,132.24,132.24,437,1,Lost
12965,89,1,769.81,769.81,89,3,New
12966,9,1,160.18,160.18,9,3,New
12967,358,3,2938.52,979.5067,383,0,At Risk
12968,112,1,135.95,135.95,112,1,Lost
12969,602,1,122.45,122.45,602,1,Lost
12970,7,10,1452.54,145.254,735,4,Loyal
12971,3,116,15704.6,135.3845,724,2,Champions
12972,413,4,1161.2,290.3,661,0,At Risk
12973,413,1,385.55,385.55,413,1,Lost
12974,197,2,408.95,204.475,565,1,Lost
12975,436,6,2100.09,350.015,733,0,At Risk
12976,211,8,3156.38,394.5475,665,0,At Risk
12977,156,4,513.88,128.47,511,0,At Risk
12978,385,5,2502.82,500.564,729,0,At Risk
12979,729,1,517.7,517.7,729,1,Lost
12980,157,21,16245.78,773.6086,737,4,Loyal
12981,29,2,372.22,186.11,133,3,New
12982,242,8,2744.81,343.1012,606,0,At Risk
12983,598,1,490.08,490.08,598,1,Lost
12984,18,1,97.5,97.5,18,3,New
12985,0,2,1239.38,619.69,28,3,New
12986,428,10,2729.84,272.984,687,0,At Risk
12987,73,5,1312.21,262.442,688,0,At Risk
12988,292,1,505.82,505.82,292,1,Lost
12989,3,33,13551.75,410.6591,729,2,Champions
12990,31,7,955.5,136.5,619,4,Loyal
12991,23,3,764.82,254.94,389,3,New
12992,725,1,93.35,93.35,725,1,Lost
12993,23,8,1259.63,157.4537,659,4,Loyal
12994,4,3,974.42,324.8067,268,3,New
12995,85,1,211.32,211.32,85,1,Lost
12996,375,1,355.5,355.5,375,1,Lost
12997,22,8,2110.91,263.8638,612,4,Loyal
12998,492,3,920.08,306.6933,653,0,At Risk
12999,196,3,455.88,151.96,245,0,At Risk
13000,106,4,1032.5,258.125,725,0,At Risk
13001,4,33,24042.65,728.5652,736,2,Champions
13002,318,3,414.13,138.0433,434,0,At Risk
13003,105,3,149.05,49.6833,214,1,Lost
13004,11,36,11650.85,323.6347,724,2,Champions
13005,173,4,999.68,249.92,457,0,At Risk
13006,56,1,81.57,81.57,56,1,Lost
13007,579,1,175.25,175.25,579,1,Lost
13008,323,3,612.13,204.0433,723,0,At Risk
13009,672,1,234.0,234.0,672,1,Lost
13010,374,2,330.12,165.06,648,1,Lost
13011,372,1,50.55,50.55,372,1,Lost
13012,9,11,2957.83,268.8936,592,4,Loyal
13013,1,29,11097.43,382.67,725,2,Champions
13014,10,11,5381.08,489.1891,432,4,Loyal
13015,53,11,6579.78,598.1618,603,4,Loyal
13016,73,3,789.89,263.2967,123,0,At Risk
13017,7,1,204.0,204.0,7,3,New
13018,16,35,9763.16,278.9474,648,2,Champions
13019,379,6,1229.95,204.9917,733,0,At Risk
13020,562,2,618.96,309.48,659,0,At Risk
13021,4,17,4887.24,287.4847,734,2,Champions
13022,429,1,50.3,50.3,429,1,Lost
13023,64,3,1251.03,417.01,528,0,At Risk
13024,470,2,555.87,277.935,582,1,Lost
13025,731,1,323.39,323.39,731,1,Lost
13026,1,9,1733.08,192.5644,726,4,Loyal
13027,113,19,17239.2,907.3263,688,4,Loyal
13028,22,2,661.32,330.66,45,3,New
13029,30,5,1927.3,385.46,523,4,Loyal
13030,11,2,752.44,376.22,368,3,New
13031,407,5,3292.84,658.568,554,0,At Risk
13032,52,9,2815.96,312.8844,460,4,Loyal
13033,357,2,220.55,110.275,429,1,Lost
13034,54,3,756.82,252.2733,401,3,New
13035,73,3,1364.2,454.7333,431,0,At Risk
13036,684,1,307.1,307.1,684,1,Lost
13037,138,12,3914.95,326.2458,736,4,Loyal
13038,80,3,908.46,302.82,290,0,At Risk
13039,584,4,1010.73,252.6825,722,0,At Risk
13040,8,2,676.99,338.495,33,3,New
13041,450,4,799.13,199.7825,589,0,At Risk
13042,598,3,1488.59,496.1967,732,0,At Risk
13043,273,1,516.42,516.42,273,1,Lost
13044,291,11,4848.05,440.7318,700,4,Loyal
13045,99,3,808.92,269.64,486,0,At Risk
13046,30,3,949.25,316.4167,456,3,New
13047,56,23,8423.58,366.2426,723,2,Champions
13048,14,9,4049.13,449.9033,681,4,Loyal
13049,64,4,1408.24,352.06,401,0,At Risk
13050,14,34,11877.29,349.3321,724,2,Champions
13051,578,2,155.8,77.9,619,1,Lost
13052,212,7,3118.48,445.4971,654,0,At Risk
13053,621,1,127.65,127.65,621,1,Lost
13055,78,4,2321.11,580.2775,429,0,At Risk
13056,551,1,209.48,209.48,551,1,Lost
13057,530,3,709.59,236.53,631,0,At Risk
13058,24,3,271.4,90.4667,151,3,New
13059,249,10,2291.77,229.177,618,0,At Risk
13060,253,1,307.53,307.53,253,1,Lost
13061,72,1,248.61,248.61,72,1,Lost
13062,191,1,346.98,346.98,191,1,Lost
13063,480,1,188.4,188.4,480,1,Lost
13064,12,6,1666.84,277.8067,591,4,Loyal
13065,373,5,1055.05,211.01,547,0,At Risk
13066,24,2,470.8,235.4,32,3,New
13067,82,3,508.51,169.5033,446,3,New
13068,10,2,344.0,172.0,319,3,New
13069,0,38,9284.45,244.3276,543,2,Champions
13070,192,4,751.7,187.925,732,0,At Risk
13071,612,1,129.22,129.22,612,1,Lost
13072,266,1,177.15,177.15,266,1,Lost
13073,411,2,418.08,209.04,437,1,Lost
13074,511,4,1378.74,344.685,723,0,At Risk
13075,129,1,919.61,919.61,129,0,At Risk
13076,457,1,135.4,135.4,457,1,Lost
13077,1,11,2740.65,249.15,728,2,Champions
13078,3,57,29018.06,509.0888,738,2,Champions
13079,4,6,419.18,69.8633,417,3,New
13080,179,4,280.73,70.1825,609,0,At Risk
13081,11,28,56838.37,2029.9418,731,2,Champions
13082,126,21,7335.75,349.3214,717,4,Loyal
13083,4,3,395.43,131.81,425,3,New
13084,491,1,122.4,122.4,491,1,Lost
13085,157,8,2433.28,304.16,738,0,At Risk
13086,382,1,439.33,439.33,382,1,Lost
13087,726,1,313.64,313.64,726,1,Lost
13088,417,1,236.11,236.11,417,1,Lost
13089,2,203,113416.91,558.704,737,2,Champions
13090,8,23,13076.74,568.5539,494,2,Champions
13091,28,2,1108.8,554.4,729,3,New
13092,70,12,2140.28,178.3567,667,4,Loyal
13093,275,55,54144.25,984.4409,735,2,Champions
13094,21,13,2209.44,169.9569,389,4,Loyal
13095,70,1,74.4,74.4,70,1,Lost
13096,394,1,419.7,419.7,394,1,Lost
13097,32,27,13015.36,482.0504,738,2,Champions
13098,1,28,28882.44,1031.5157,317,2,Champions
13099,99,1,207.36,207.36,99,1,Lost
13101,234,4,695.4,173.85,681,0,At Risk
13102,1,37,11380.1,307.5703,582,2,Champions
13103,39,3,709.64,236.5467,577,3,New
13104,3,9,1709.1,189.9,653,4,Loyal
13105,436,1,72.0,72.0,436,1,Lost
13106,133,2,603.46,301.73,413,0,At Risk
13107,44,9,5253.07,583.6744,673,4,Loyal
13108,372,2,748.46,374.23,435,0,At Risk
13109,59,3,1134.03,378.01,551,3,New
13110,31,12,2957.47,246.4558,738,4,Loyal
13111,718,1,321.88,321.88,718,1,Lost
13112,541,1,20.6,20.6,541,1,Lost
13113,0,37,18230.07,492.7046,621,2,Champions
13114,730,1,234.38,234.38,730,1,Lost
13115,11,10,5494.7,549.47,599,4,Loyal
13116,138,1,501.14,501.14,138,1,Lost
13117,21,18,2255.66,125.3144,623,4,Loyal
13118,19,9,2415.41,268.3789,439,4,Loyal
13119,668,1,134.9,134.9,668,1,Lost
13120,238,1,30.6,30.6,238,1,Lost
13121,269,1,283.73,283.73,269,1,Lost
13122,94,2,922.39,461.195,240,0,At Risk
13123,472,2,506.75,253.375,529,1,Lost
13124,89,4,4641.66,1160.415,385,4,Loyal
13125,523,1,148.62,148.62,523,1,Lost
13126,4,13,3774.81,290.37,647,2,Champions
13127,77,1,259.17,259.17,77,1,Lost
13128,631,1,263.5,263.5,631,1,Lost
13129,452,2,233.25,116.625,529,1,Lost
13130,94,1,64.0,64.0,94,1,Lost
13131,23,7,3313.77,473.3957,668,4,Loyal
13132,261,1,77.3,77.3,261,1,Lost
13133,273,3,200.45,66.8167,459,1,Lost
13134,85,6,2475.23,412.5383,416,4,Loyal
13135,196,2,3371.45,1685.725,491,0,At Risk
13136,56,13,6274.56,482.6585,731,4,Loyal
13137,10,16,7586.94,474.1838,502,2,Champions
13138,22,7,1274.01,182.0014,396,4,Loyal
13139,16,8,8202.98,1025.3725,437,4,Loyal
13140,108,5,1054.92,210.984,491,0,At Risk
13141,84,17,7656.08,450.3576,730,4,Loyal
13142,19,1,307.09,307.09,19,3,New
13143,584,1,405.1,405.1,584,1,Lost
13144,332,2,135.35,67.675,431,1,Lost
13145,39,7,1128.52,161.2171,599,4,Loyal
13146,26,1,228.91,228.91,26,3,New
13147,10,4,712.8,178.2,99,3,New
13148,29,26,8488.32,326.4738,732,2,Champions
13149,14,4,1676.06,419.015,289,3,New
13150,484,3,449.97,149.99,630,0,At Risk
13151,295,3,2454.71,818.2367,627,0,At Risk
13152,417,7,2146.38,306.6257,694,0,At Risk
13153,5,1,486.22,486.22,5,3,New
13154,399,3,1624.84,541.6133,735,0,At Risk
13155,33,6,1370.48,228.4133,491,4,Loyal
13156,385,3,1586.54,528.8467,676,0,At Risk
13157,49,9,5687.36,631.9289,641,4,Loyal
13158,94,5,1508.18,301.636,388,0,At Risk
13159,8,4,1429.35,357.3375,115,3,New
13160,22,1,91.8,91.8,22,3,New
13161,313,2,472.13,236.065,500,1,Lost
13162,122,16,9275.49,579.7181,735,4,Loyal
13163,610,1,17.65,17.65,610,1,Lost
13164,569,2,372.2,186.1,667,1,Lost
13165,46,3,1451.16,483.72,413,3,New
13166,283,2,875.93,437.965,414,0,At Risk
13167,18,5,1113.15,222.63,390,3,New
13168,36,5,1840.73,368.146,542,4,Loyal
13169,63,3,840.08,280.0267,562,3,New
13170,26,1,108.81,108.81,26,3,New
13171,21,3,468.41,156.1367,299,3,New
13172,400,1,69.6,69.6,400,1,Lost
13173,4,11,2389.82,217.2564,729,4,Loyal
13174,16,11,7972.46,724.7691,735,4,Loyal
13175,582,2,831.45,415.725,735,0,At Risk
13176,46,1,481.49,481.49,46,3,New
13177,64,2,512.2,256.1,430,3,New
13178,26,21,14059.19,669.4852,723,2,Champions
13179,618,1,572.31,572.31,618,1,Lost
13180,607,1,86.1,86.1,607,1,Lost
13181,381,1,359.69,359.69,381,1,Lost
13182,45,1,121.18,121.18,45,3,New
13183,7,15,7036.18,469.0787,635,2,Champions
13184,14,10,1667.95,166.795,290,4,Loyal
13185,267,1,71.4,71.4,267,1,Lost
13186,39,3,1575.89,525.2967,128,3,New
13187,337,4,328.36,82.09,624,0,At Risk
13188,11,1,114.6,114.6,11,3,New
13189,18,2,260.68,130.34,115,3,New
13190,544,3,570.66,190.22,732,0,At Risk
13191,658,1,159.21,159.21,658,1,Lost
13192,95,6,2558.58,426.43,686,4,Loyal
13193,61,1,112.08,112.08,61,1,Lost
13194,135,2,472.78,236.39,421,0,At Risk
13195,414,1,136.73,136.73,414,1,Lost
13196,11,7,3068.84,438.4057,617,4,Loyal
13197,609,1,373.01,373.01,609,1,Lost
13198,10,8,4974.23,621.7788,434,4,Loyal
13199,3,66,15949.21,241.6547,734,2,Champions
13200,19,4,870.09,217.5225,126,3,New
13201,502,4,1233.06,308.265,642,0,At Risk
13202,394,7,1580.3,225.7571,730,0,At Risk
13203,9,10,2648.25,264.825,722,4,Loyal
13204,731,1,966.66,966.66,731,1,Lost
13205,443,1,2803.2,2803.2,443,0,At Risk
13206,400,13,8308.19,639.0915,732,4,Loyal
13207,15,4,535.86,133.965,612,3,New
13208,59,8,1951.82,243.9775,736,4,Loyal
13209,30,13,8509.51,654.5777,684,4,Loyal
13210,93,1,353.48,353.48,93,1,Lost
13211,10,10,2618.77,261.877,733,4,Loyal
13212,19,3,786.83,262.2767,61,3,New
13213,56,11,3851.52,350.1382,568,4,Loyal
13214,417,7,3264.23,466.3186,646,0,At Risk
13215,402,1,81.6,81.6,402,1,Lost
13216,267,1,333.74,333.74,267,1,Lost
13217,122,4,666.48,166.62,655,0,At Risk
13218,127,1,62.64,62.64,127,1,Lost
13219,618,1,76.23,76.23,618,1,Lost
13220,78,5,1336.09,267.218,575,0,At Risk
13221,240,2,844.86,422.43,359,0,At Risk
13222,577,1,88.5,88.5,577,1,Lost
13223,200,6,969.12,161.52,665,0,At Risk
13224,60,2,2152.95,1076.475,151,0,At Risk
13225,3,16,16260.07,1016.2544,722,2,Champions
13226,273,2,312.46,156.23,393,1,Lost
13227,201,1,257.7,257.7,201,1,Lost
13228,81,1,358.0,358.0,81,1,Lost
13229,225,1,160.95,160.95,225,1,Lost
13230,4,30,6109.51,203.6503,631,2,Champions
13232,12,7,1327.75,189.6786,243,4,Loyal
13233,74,4,1176.46,294.115,694,0,At Risk
13234,672,2,346.5,173.25,732,1,Lost
13235,212,1,1031.07,1031.07,212,0,At Risk
13236,24,2,744.85,372.425,106,3,New
13237,387,1,643.0,643.0,387,1,Lost
13238,17,6,1006.63,167.7717,590,4,Loyal
13239,261,5,1594.69,318.938,502,0,At Risk
13240,96,8,1455.39,181.9238,652,4,Loyal
13241,411,1,112.53,112.53,411,1,Lost
13242,112,7,699.4,99.9143,668,0,At Risk
13243,203,5,1220.38,244.076,631,0,At Risk
13244,92,1,121.74,121.74,92,1,Lost
13245,50,2,989.22,494.61,432,3,New
13246,18,11,3351.75,304.7045,525,4,Loyal
13247,17,4,501.12,125.28,82,3,New
13248,124,2,465.68,232.84,189,0,At Risk
13249,92,9,1608.93,178.77,684,4,Loyal
13250,460,2,253.09,126.545,502,1,Lost
13251,402,1,252.68,252.68,402,1,Lost
13252,394,2,399.3,199.65,625,1,Lost
13253,156,4,2951.11,737.7775,703,0,At Risk
13254,376,1,51.41,51.41,376,1,Lost
13255,9,3,678.76,226.2533,512,3,New
13257,436,1,149.75,149.75,436,1,Lost
13258,11,5,1009.43,201.886,400,3,New
13259,61,9,1398.79,155.4211,698,4,Loyal
13260,61,1,557.62,557.62,61,3,New
13261,268,2,944.1,472.05,285,0,At Risk
13262,263,3,573.45,191.15,600,0,At Risk
13263,1,38,8650.98,227.6574,413,2,Champions
13264,442,1,722.56,722.56,442,1,Lost
13265,53,5,2092.66,418.532,273,4,Loyal
13266,11,19,6135.04,322.8968,722,2,Champions
13267,2,36,9429.81,261.9392,732,2,Champions
13268,17,10,3152.71,315.271,267,4,Loyal
13269,1,28,8537.32,304.9043,737,2,Champions
13270,366,1,590.0,590.0,366,1,Lost
13271,37,1,211.49,211.49,37,3,New
13272,31,2,276.56,138.28,89,3,New
13273,113,1,138.98,138.98,113,1,Lost
13274,409,1,360.85,360.85,409,1,Lost
13275,383,2,238.86,119.43,632,1,Lost
13276,63,5,1891.91,378.382,642,4,Loyal
13277,15,7,523.3,74.7571,539,3,New
13278,40,4,1425.35,356.3375,610,3,New
13279,78,1,137.75,137.75,78,1,Lost
13280,122,7,2293.33,327.6186,644,4,Loyal
13281,439,1,350.85,350.85,439,1,Lost
13282,18,4,1313.19,328.2975,406,3,New
13283,59,4,373.36,93.34,640,3,New
13284,330,1,201.19,201.19,330,1,Lost
13285,23,6,3364.59,560.765,624,4,Loyal
13286,600,1,734.91,734.91,600,1,Lost
13287,603,3,781.59,260.53,704,0,At Risk
13288,443,5,927.61,185.522,666,0,At Risk
13289,723,1,307.95,307.95,723,1,Lost
13291,155,11,3270.79,297.3445,666,4,Loyal
13292,38,5,994.51,198.902,526,3,New
13293,392,6,1192.94,198.8233,668,0,At Risk
13294,189,3,1689.53,563.1767,646,0,At Risk
13295,359,4,1101.97,275.4925,576,0,At Risk
13296,137,6,792.51,132.085,577,0,At Risk
13297,7,7,4368.62,624.0886,542,4,Loyal
13298,1,1,360.0,360.0,1,3,New
13299,268,3,1218.7,406.2333,528,0,At Risk
13300,169,3,1285.51,428.5033,574,0,At Risk
13301,103,4,600.19,150.0475,292,0,At Risk
13302,155,2,159.2,79.6,526,1,Lost
13303,400,1,61.72,61.72,400,1,Lost
13304,351,4,1217.99,304.4975,669,0,At Risk
13305,4,16,3616.41,226.0256,639,2,Champions
13306,430,1,53.65,53.65,430,1,Lost
13307,120,3,273.34,91.1133,592,1,Lost
13308,22,4,1670.37,417.5925,596,4,Loyal
13309,7,6,1706.37,284.395,392,4,Loyal
13310,28,5,1541.2,308.24,402,4,Loyal
13311,4,2,598.57,299.285,150,3,New
13312,451,1,124.75,124.75,451,1,Lost
13313,22,12,3445.32,287.11,737,4,Loyal
13314,1,3,775.94,258.6467,73,3,New
13315,689,1,310.26,310.26,689,1,Lost
13316,37,10,12940.82,1294.082,639,4,Loyal
13317,66,19,6486.091,341.3732,726,4,Loyal
13318,1,3,640.76,213.5867,37,3,New
13319,5,58,21323.22,367.6417,733,2,Champions
13320,78,6,2211.6,368.6,478,4,Loyal
13321,72,2,567.36,283.68,86,3,New
13322,17,1,199.48,199.48,17,3,New
13323,3,5,787.85,157.57,84,3,New
13324,36,18,10513.47,584.0817,563,2,Champions
13325,81,1,675.3,675.3,81,3,New
13326,432,1,281.76,281.76,432,1,Lost
13327,38,19,9052.87,476.4668,721,2,Champions
13328,316,1,1308.48,1308.48,316,0,At Risk
13329,31,8,4808.77,601.0963,735,4,Loyal
13330,92,6,2796.1,466.0167,654,4,Loyal
13331,401,1,262.4,262.4,401,1,Lost
13332,14,1,350.9,350.9,14,3,New
13333,411,3,1015.74,338.58,658,0,At Risk
13334,82,5,6201.8,1240.36,652,4,Loyal
13336,77,1,795.12,795.12,77,3,New
13337,546,1,1575.26,1575.26,546,0,At Risk
13338,157,4,2345.62,586.405,703,0,At Risk
13339,200,1,860.12,860.12,200,0,At Risk
13340,45,12,22100.56,1841.7133,655,4,Loyal
13341,260,1,775.85,775.85,260,1,Lost
13343,177,1,303.43,303.43,177,1,Lost
13344,67,3,2511.69,837.23,277,0,At Risk
13345,287,1,339.5,339.5,287,1,Lost
13346,462,6,299.4,49.9,596,0,At Risk
13347,70,1,291.36,291.36,70,3,New
13348,64,1,233.76,233.76,64,1,Lost
13349,10,1,197.32,197.32,10,3,New
13350,16,2,879.12,439.56,79,3,New
13351,66,1,323.94,323.94,66,3,New
13352,60,1,347.98,347.98,60,3,New
13354,71,1,743.53,743.53,71,3,New
13355,122,1,674.7,674.7,122,1,Lost
13356,80,1,768.24,768.24,80,3,New
13357,257,5,3795.01,759.002,627,0,At Risk
13358,268,1,389.03,389.03,268,1,Lost
13359,63,2,943.31,471.655,403,3,New
13360,431,4,1503.65,375.9125,700,0,At Risk
13361,472,2,1450.5,725.25,617,0,At Risk
13362,9,7,5394.07,770.5814,425,4,Loyal
13363,17,3,1623.86,541.2867,409,3,New
13364,71,1,134.96,134.96,71,1,Lost
13365,33,2,2225.37,1112.685,217,3,New
13366,50,1,56.16,56.16,50,1,Lost
13367,431,1,460.2,460.2,431,1,Lost
13368,256,4,1021.5,255.375,423,0,At Risk
13369,365,1,258.28,258.28,365,1,Lost
13370,371,1,754.87,754.87,371,1,Lost
13371,505,2,2297.66,1148.83,632,0,At Risk
13372,89,1,328.64,328.64,89,1,Lost
13373,60,6,7587.19,1264.5317,733,4,Loyal
13374,414,2,372.8,186.4,449,1,Lost
13375,88,2,1792.23,896.115,444,0,At Risk
13376,99,3,869.76,289.92,234,0,At Risk
13377,396,2,1452.88,726.44,645,0,At Risk
13379,26,3,572.56,190.8533,136,3,New
13380,432,1,62.4,62.4,432,1,Lost
13381,31,12,8224.37,685.3642,738,4,Loyal
13382,280,5,1387.58,277.516,731,0,At Risk
13383,543,1,305.28,305.28,543,1,Lost
13384,30,11,6680.83,607.3482,500,4,Loyal
13385,329,1,534.57,534.57,329,1,Lost
13386,414,2,835.46,417.73,437,0,At Risk
13387,417,1,181.84,181.84,417,1,Lost
13388,131,3,1185.65,395.2167,603,0,At Risk
13389,11,3,797.96,265.9867,232,3,New
13390,74,1,544.08,544.08,74,3,New
13391,203,1,59.8,59.8,203,1,Lost
13392,677,1,91.14,91.14,677,1,Lost
13393,583,4,1131.45,282.8625,732,0,At Risk
13394,1,19,6621.7,348.5105,738,2,Champions
13395,185,3,1180.23,393.41,421,0,At Risk
13396,29,2,1360.99,680.495,319,3,New
13397,72,10,3191.87,319.187,688,4,Loyal
13398,192,2,670.34,335.17,448,0,At Risk
13399,464,3,275.4,91.8,519,1,Lost
13400,582,1,310.83,310.83,582,1,Lost
13402,127,4,1226.85,306.7125,564,0,At Risk
13403,17,3,229.5,76.5,723,3,New
13404,1,2,252.49,126.245,212,3,New
13405,204,5,1198.81,239.762,724,0,At Risk
13406,427,2,568.92,284.46,631,0,At Risk
13407,578,3,2244.7,748.2333,661,0,At Risk
13408,1,106,50174.782,473.347,735,2,Champions
13410,24,9,2201.96,244.6622,731,4,Loyal
13411,107,1,213.55,213.55,107,1,Lost
13412,620,1,487.35,487.35,620,1,Lost
13413,639,6,429.44,71.5733,687,0,At Risk
13414,133,6,2494.14,415.69,603,0,At Risk
13415,472,4,784.17,196.0425,728,0,At Risk
13416,43,3,940.8,313.6,736,3,New
13417,4,6,1669.49,278.2483,669,4,Loyal
13418,11,31,11559.66,372.8923,728,2,Champions
13419,63,1,221.06,221.06,63,1,Lost
13420,149,2,159.85,79.925,170,1,Lost
13421,40,8,4048.25,506.0312,663,4,Loyal
13422,64,1,2626.3,2626.3,64,0,At Risk
13423,428,1,217.03,217.03,428,1,Lost
13424,449,1,572.77,572.77,449,1,Lost
13425,108,5,3390.43,678.086,579,4,Loyal
13426,0,22,8167.38,371.2445,730,2,Champions
13427,19,6,1006.53,167.755,722,4,Loyal
13428,10,3,478.54,159.5133,514,3,New
13429,10,4,1006.8,251.7,75,3,New
13430,18,2,679.45,339.725,86,3,New
13431,67,8,3316.24,414.53,659,4,Loyal
13432,571,2,436.55,218.275,612,1,Lost
13433,501,4,658.32,164.58,696,0,At Risk
13434,74,5,1666.86,333.372,655,0,At Risk
13435,5,9,4447.33,494.1478,500,4,Loyal
13436,1,1,196.89,196.89,1,3,New
13437,14,7,3408.06,486.8657,190,4,Loyal
13438,547,1,46.5,46.5,547,1,Lost
13439,255,3,986.61,328.87,526,0,At Risk
13440,423,7,1295.25,185.0357,451,0,At Risk
13441,91,2,720.9,360.45,431,0,At Risk
13442,667,3,419.87,139.9567,738,1,Lost
13443,448,6,1269.37,211.5617,677,0,At Risk
13444,374,2,619.08,309.54,506,0,At Risk
13445,626,1,241.9,241.9,626,1,Lost
13446,430,11,3881.89,352.8991,663,0,At Risk
13447,23,3,1129.14,376.38,35,3,New
13448,16,12,8386.22,698.8517,733,4,Loyal
13449,23,1,291.88,291.88,23,3,New
13450,26,13,4120.04,316.9262,603,4,Loyal
13451,26,11,7088.92,644.4473,628,4,Loyal
13452,259,3,729.8,243.2667,472,0,At Risk
13453,165,3,781.69,260.5633,402,0,At Risk
13454,641,1,219.87,219.87,641,1,Lost
13455,24,6,2212.99,368.8317,730,4,Loyal
13456,17,6,1766.72,294.4533,207,4,Loyal
13457,688,2,148.22,74.11,737,1,Lost
13458,7,16,11959.27,747.4544,388,2,Champions
13459,624,2,1160.41,580.205,682,0,At Risk
13460,29,2,183.44,91.72,49,3,New
13461,38,6,4160.0,693.3333,597,4,Loyal
13462,252,5,1153.85,230.77,725,0,At Risk
13464,58,6,3097.64,516.2733,618,4,Loyal
13465,446,2,931.12,465.56,586,0,At Risk
13466,184,5,1013.35,202.67,628,0,At Risk
13467,10,2,1071.91,535.955,36,3,New
13468,1,72,12793.28,177.6844,736,2,Champions
13469,653,1,82.4,82.4,653,1,Lost
13470,99,2,165.0,82.5,115,1,Lost
13471,1,4,2501.84,625.46,47,4,Loyal
13472,463,2,592.24,296.12,555,0,At Risk
13473,60,8,2657.76,332.22,724,4,Loyal
13474,236,3,646.59,215.53,495,0,At Risk
13475,191,4,1431.78,357.945,298,0,At Risk
13476,178,5,2061.47,412.294,644,0,At Risk
13477,37,11,2819.17,256.2882,683,4,Loyal
13478,469,5,2215.78,443.156,677,0,At Risk
13479,200,4,851.37,212.8425,477,0,At Risk
13480,416,2,627.82,313.91,679,0,At Risk
13481,45,11,3830.84,348.2582,735,4,Loyal
13482,232,2,336.09,168.045,627,1,Lost
13483,65,1,140.34,140.34,65,1,Lost
13484,241,3,790.72,263.5733,639,0,At Risk
13485,233,11,3015.22,274.1109,736,4,Loyal
13486,78,3,1122.41,374.1367,155,0,At Risk
13487,57,5,846.87,169.374,734,0,At Risk
13488,17,23,14205.96,617.6504,683,2,Champions
13489,105,4,449.52,112.38,294,0,At Risk
13490,654,1,154.25,154.25,654,1,Lost
13491,51,27,4467.66,165.4689,732,2,Champions
13492,136,3,1269.84,423.28,214,0,At Risk
13493,275,2,498.63,249.315,287,1,Lost
13494,311,1,316.26,316.26,311,1,Lost
13495,7,10,4863.31,486.331,732,4,Loyal
13496,10,2,653.33,326.665,359,3,New
13497,282,6,1166.83,194.4717,669,0,At Risk
13498,730,1,327.38,327.38,730,1,Lost
13499,17,5,1159.11,231.822,269,3,New
13500,23,4,1466.3,366.575,401,3,New
13501,288,3,2885.11,961.7033,570,0,At Risk
13502,16,5,780.5,156.1,548,3,New
13503,71,5,1778.04,355.608,661,4,Loyal
13504,64,1,295.93,295.93,64,3,New
13505,72,4,3633.63,908.4075,232,4,Loyal
13506,316,5,1338.08,267.616,460,0,At Risk
13507,3,4,2479.16,619.79,145,4,Loyal
13508,243,2,287.05,143.525,642,1,Lost
13509,8,7,1099.72,157.1029,507,4,Loyal
13510,1,11,4558.29,414.39,718,2,Champions
13511,676,1,282.76,282.76,676,1,Lost
13512,260,4,713.39,178.3475,583,0,At Risk
13513,126,3,824.59,274.8633,655,0,At Risk
13514,73,4,815.9,203.975,682,0,At Risk
13515,72,6,1265.82,210.97,644,0,At Risk
13516,21,4,1685.26,421.315,417,4,Loyal
13517,59,3,2128.42,709.4733,179,0,At Risk
13518,85,1,627.16,627.16,85,3,New
13519,78,2,343.21,171.605,442,3,New
13520,58,11,5446.0,495.0909,722,4,Loyal
13521,1,3,1070.47,356.8233,10,3,New
13522,30,1,125.8,125.8,30,3,New
13523,33,6,4534.57,755.7617,402,4,Loyal
13524,40,5,680.18,136.036,219,3,New
13525,14,2,628.78,314.39,248,3,New
13526,738,2,1182.0,591.0,738,0,At Risk
13527,33,12,4541.29,378.4408,687,4,Loyal
13529,78,2,307.76,153.88,204,3,New
13530,634,1,402.98,402.98,634,1,Lost
13531,205,6,1433.07,238.845,736,0,At Risk
13532,33,1,210.31,210.31,33,3,New
13533,182,3,269.09,89.6967,267,1,Lost
13534,2,35,7720.9,220.5971,520,2,Champions
13535,402,1,89.5,89.5,402,1,Lost
13536,1,7,3444.39,492.0557,75,4,Loyal
13537,425,2,717.85,358.925,451,0,At Risk
13538,43,12,3103.13,258.5942,675,4,Loyal
13539,85,7,1569.36,224.1943,590,4,Loyal
13540,467,3,632.39,210.7967,655,0,At Risk
13541,427,2,785.25,392.625,570,0,At Risk
13542,376,17,3959.49,232.9112,729,4,Loyal
13543,634,2,1439.61,719.805,687,0,At Risk
13544,39,6,790.2,131.7,644,3,New
13545,390,2,364.93,182.465,544,1,Lost
13546,12,5,1086.24,217.248,424,3,New
13547,408,1,164.53,164.53,408,1,Lost
13548,96,3,901.44,300.48,471,0,At Risk
13549,25,8,1005.8,125.725,387,4,Loyal
13550,383,1,342.55,342.55,383,1,Lost
13551,319,2,244.2,122.1,666,1,Lost
13552,66,22,6948.92,315.86,658,4,Loyal
13553,674,1,499.6,499.6,674,1,Lost
13554,380,7,1629.35,232.7643,446,0,At Risk
13555,73,13,8891.84,683.9877,689,4,Loyal
13556,429,2,200.82,100.41,435,1,Lost
13557,28,13,3032.26,233.2508,731,4,Loyal
13558,5,4,594.52,148.63,68,3,New
13559,512,2,990.0,495.0,543,0,At Risk
13560,7,1,171.42,171.42,7,3,New
13561,215,11,1803.4,163.9455,649,0,At Risk
13562,81,8,4838.18,604.7725,694,4,Loyal
13563,84,2,777.53,388.765,140,0,At Risk
13564,354,36,15880.22,441.1172,737,2,Champions
13565,19,3,414.8,138.2667,411,3,New
13566,40,5,1684.75,336.95,639,4,Loyal
13567,428,4,1079.29,269.8225,541,0,At Risk
13568,173,1,187.05,187.05,173,1,Lost
13569,17,4,725.04,181.26,428,3,New
13570,243,1,239.49,239.49,243,1,Lost
13571,12,26,4537.26,174.51,731,2,Champions
13572,205,1,1384.25,1384.25,205,0,At Risk
13573,50,6,903.07,150.5117,637,4,Loyal
13574,411,1,404.45,404.45,411,1,Lost
13575,23,5,732.07,146.414,176,3,New
13576,10,28,11202.59,400.0925,731,2,Champions
13577,25,11,3484.28,316.7527,725,4,Loyal
13578,409,1,147.66,147.66,409,1,Lost
13579,14,5,1374.34,274.868,659,4,Loyal
13580,406,1,107.75,107.75,406,1,Lost
13581,309,2,280.53,140.265,414,1,Lost
13582,389,2,241.68,120.84,617,1,Lost
13583,155,2,1445.031,722.5155,679,0,At Risk
13584,306,3,385.7,128.5667,675,0,At Risk
13585,530,3,684.54,228.18,738,0,At Risk
13586,541,1,127.28,127.28,541,1,Lost
13587,63,4,1673.5,418.375,663,0,At Risk
13588,15,9,2478.95,275.4389,255,4,Loyal
13589,14,6,1120.74,186.79,733,4,Loyal
13590,11,18,6336.04,352.0022,738,2,Champions
13591,64,7,2093.94,299.1343,725,4,Loyal
13592,35,4,247.96,61.99,264,3,New
13593,108,14,5493.29,392.3779,647,4,Loyal
13594,52,2,533.32,266.66,485,3,New
13595,516,3,784.48,261.4933,646,0,At Risk
13596,5,2,664.11,332.055,12,3,New
13597,400,2,396.71,198.355,402,1,Lost
13598,47,5,761.96,152.392,651,3,New
13599,1,33,9811.04,297.3042,738,2,Champions
13600,312,2,518.42,259.21,634,1,Lost
13601,45,4,1159.99,289.9975,546,3,New
13602,64,4,1025.17,256.2925,560,0,At Risk
13603,26,1,164.34,164.34,26,3,New
13604,658,1,717.62,717.62,658,1,Lost
13605,387,2,522.67,261.335,571,1,Lost
13606,29,3,276.75,92.25,311,3,New
13607,40,2,1075.81,537.905,402,3,New
13608,540,1,232.05,232.05,540,1,Lost
13609,593,1,167.35,167.35,593,1,Lost
13610,12,14,2102.46,150.1757,703,4,Loyal
13611,89,10,3297.93,329.793,736,4,Loyal
13612,632,1,818.29,818.29,632,1,Lost
13613,452,5,1039.85,207.97,660,0,At Risk
13614,24,6,2332.74,388.79,551,4,Loyal
13615,318,8,6272.53,784.0662,680,0,At Risk
13616,568,2,283.85,141.925,691,1,Lost
13617,40,8,1278.75,159.8438,495,4,Loyal
13618,173,1,177.34,177.34,173,1,Lost
13619,544,2,223.44,111.72,674,1,Lost
13620,528,1,112.34,112.34,528,1,Lost
13621,116,1,213.85,213.85,116,1,Lost
13622,696,1,658.95,658.95,696,1,Lost
13623,30,10,2533.06,253.306,737,4,Loyal
13624,388,1,462.08,462.08,388,1,Lost
13625,596,1,301.26,301.26,596,1,Lost
13626,252,2,707.04,353.52,379,0,At Risk
13627,59,7,2245.9,320.8429,640,4,Loyal
13628,676,1,310.14,310.14,676,1,Lost
13629,23,19,13370.86,703.7295,666,2,Champions
13630,5,7,2031.78,290.2543,285,4,Loyal
13631,99,11,3070.42,279.1291,267,4,Loyal
13632,24,8,3645.81,455.7262,611,4,Loyal
13634,33,15,4988.08,332.5387,698,4,Loyal
13635,67,4,2999.16,749.79,738,4,Loyal
13636,36,5,949.12,189.824,285,3,New
13637,52,3,803.05,267.6833,226,3,New
13638,15,1,122.64,122.64,15,3,New
13639,74,2,1346.27,673.135,436,0,At Risk
13640,611,1,405.0,405.0,611,1,Lost
13641,640,4,942.37,235.5925,734,0,At Risk
13642,215,4,472.2,118.05,432,0,At Risk
13643,31,10,2156.77,215.677,731,4,Loyal
13644,16,4,2624.26,656.065,105,4,Loyal
13645,120,1,252.1,252.1,120,1,Lost
13646,399,2,326.25,163.125,399,1,Lost
13647,9,8,3041.68,380.21,603,4,Loyal
13648,400,8,1759.07,219.8838,738,0,At Risk
13649,256,6,1453.68,242.28,527,0,At Risk
13650,16,10,3288.0,328.8,682,4,Loyal
13651,39,2,211.85,105.925,381,3,New
13652,45,5,2262.05,452.41,652,4,Loyal
13653,487,1,152.2,152.2,487,1,Lost
13654,43,11,6308.0,573.4545,737,4,Loyal
13655,114,6,2280.51,380.085,591,0,At Risk
13656,164,4,1078.85,269.7125,595,0,At Risk
13657,10,2,382.14,191.07,201,3,New
13658,9,9,6025.5,669.5,672,4,Loyal
13659,205,12,4884.68,407.0567,660,4,Loyal
13660,400,1,306.64,306.64,400,1,Lost
13661,603,1,325.24,325.24,603,1,Lost
13662,85,11,2233.61,203.0555,658,4,Loyal
13663,179,5,2047.51,409.502,646,0,At Risk
13665,386,3,1711.66,570.5533,504,0,At Risk
13666,60,5,127.05,25.41,735,3,New
13667,149,1,299.05,299.05,149,1,Lost
13668,2,35,12948.48,369.9566,728,2,Champions
13669,50,3,413.55,137.85,407,3,New
13670,75,1,349.7,349.7,75,3,New
13671,394,1,172.6,172.6,394,1,Lost
13672,301,3,419.92,139.9733,730,0,At Risk
13673,18,2,387.44,193.72,32,3,New
13674,432,1,240.68,240.68,432,1,Lost
13675,151,2,486.82,243.41,284,0,At Risk
13676,539,2,243.9,121.95,619,1,Lost
13677,404,2,551.24,275.62,520,1,Lost
13678,151,1,232.6,232.6,151,1,Lost
13679,493,3,281.26,93.7533,735,1,Lost
13680,1,12,11419.67,951.6392,735,2,Champions
13681,17,4,827.83,206.9575,155,3,New
13682,187,1,59.5,59.5,187,1,Lost
13683,457,1,258.6,258.6,457,1,Lost
13684,285,4,594.88,148.72,621,0,At Risk
13685,2,7,3119.44,445.6343,60,4,Loyal
13686,182,3,409.04,136.3467,401,0,At Risk
13687,438,1,11880.84,11880.84,438,0,At Risk
13688,635,1,375.5,375.5,635,1,Lost
13689,63,2,1259.5,629.75,444,3,New
13690,59,1,172.25,172.25,59,1,Lost
13691,396,1,210.78,210.78,396,1,Lost
13692,24,5,3114.4,622.88,420,4,Loyal
13693,374,9,2011.82,223.5356,732,0,At Risk
13694,3,143,195640.69,1368.1167,735,2,Champions
13695,31,16,2770.73,173.1706,577,4,Loyal
13696,421,3,2020.4,673.4667,666,0,At Risk
13697,38,1,151.3,151.3,38,3,New
13698,596,2,451.73,225.865,681,1,Lost
13699,155,2,764.15,382.075,550,0,At Risk
13700,26,13,2596.97,199.7669,670,4,Loyal
13701,446,1,161.0,161.0,446,1,Lost
13702,445,1,135.18,135.18,445,1,Lost
13703,318,2,425.56,212.78,415,1,Lost
13704,5,9,2308.06,256.4511,88,4,Loyal
13705,7,7,1717.19,245.3129,624,4,Loyal
13706,302,2,631.17,315.585,626,0,At Risk
13707,267,5,3365.86,673.172,536,0,At Risk
13708,271,1,283.33,283.33,271,1,Lost
13709,3,18,7571.35,420.6306,697,2,Champions
13710,31,3,509.52,169.84,612,3,New
13711,218,9,1792.26,199.14,724,0,At Risk
13712,246,2,766.42,383.21,610,0,At Risk
13713,408,3,740.76,246.92,583,0,At Risk
13714,465,1,161.35,161.35,465,1,Lost
13715,281,17,8153.04,479.5906,638,4,Loyal
13716,269,1,138.28,138.28,269,1,Lost
13717,32,8,1763.3,220.4125,485,4,Loyal
13718,246,2,306.55,153.275,295,1,Lost
13719,15,11,2782.1,252.9182,571,4,Loyal
13720,116,4,799.9,199.975,254,0,At Risk
13721,36,2,741.54,370.77,395,3,New
13722,131,10,5635.41,563.541,646,4,Loyal
13723,217,6,1194.08,199.0133,611,0,At Risk
13724,637,1,213.01,213.01,637,1,Lost
13725,49,8,1980.56,247.57,308,4,Loyal
13726,38,2,1079.66,539.83,100,3,New
13727,28,8,1074.15,134.2688,730,4,Loyal
13728,36,16,2855.17,178.4481,730,4,Loyal
13729,435,3,724.73,241.5767,684,0,At Risk
13730,135,2,752.6,376.3,161,0,At Risk
13731,219,2,610.59,305.295,246,0,At Risk
13732,28,1,491.86,491.86,28,3,New
13733,410,2,487.03,243.515,735,1,Lost
13734,508,4,6695.69,1673.9225,602,0,At Risk
13735,24,13,9762.77,750.9823,726,4,Loyal
13736,5,7,2752.47,393.21,733,4,Loyal
13737,200,1,339.6,339.6,200,1,Lost
13738,396,1,434.78,434.78,396,1,Lost
13739,18,2,292.2,146.1,527,3,New
13740,240,5,1582.77,316.554,737,0,At Risk
13741,71,3,668.43,222.81,217,3,New
13742,16,12,3107.87,258.9892,320,4,Loyal
13743,2,7,1341.6,191.6571,259,4,Loyal
13744,95,2,1080.52,540.26,292,0,At Risk
13745,162,2,777.36,388.68,546,0,At Risk
13746,413,1,176.69,176.69,413,1,Lost
13747,373,2,169.8,84.9,424,1,Lost
13748,95,9,2064.35,229.3722,738,4,Loyal
13750,53,11,3602.18,327.4709,617,4,Loyal
13751,288,1,296.25,296.25,288,1,Lost
13752,124,7,1579.83,225.69,527,0,At Risk
13753,287,4,2094.57,523.6425,736,0,At Risk
13754,151,3,447.05,149.0167,437,0,At Risk
13755,3,9,2108.06,234.2289,63,4,Loyal
13756,2,23,8655.95,376.3457,724,2,Champions
13757,674,1,195.55,195.55,674,1,Lost
13758,11,14,8595.29,613.9493,738,2,Champions
13759,33,2,659.41,329.705,71,3,New
13760,54,5,1363.64,272.728,593,4,Loyal
13761,50,6,1952.17,325.3617,656,4,Loyal
13762,218,5,2472.48,494.496,698,0,At Risk
13763,63,3,5217.44,1739.1467,435,4,Loyal
13764,70,6,2908.67,484.7783,642,4,Loyal
13765,653,1,352.821,352.821,653,1,Lost
13766,495,1,190.35,190.35,495,1,Lost
13767,2,73,33903.57,464.4325,738,2,Champions
13768,726,2,875.97,437.985,730,0,At Risk
13769,2,20,5478.12,273.906,723,2,Champions
13770,422,4,785.37,196.3425,730,0,At Risk
13771,64,9,5728.82,636.5356,652,4,Loyal
13772,33,8,3100.02,387.5025,654,4,Loyal
13773,396,2,301.54,150.77,659,1,Lost
13774,81,1,345.0,345.0,81,1,Lost
13775,590,1,1049.66,1049.66,590,0,At Risk
13777,0,61,49638.26,813.742,737,2,Champions
13778,103,4,1124.49,281.1225,565,0,At Risk
13779,515,1,161.13,161.13,515,1,Lost
13780,7,3,732.07,244.0233,407,3,New
13781,250,3,778.83,259.61,721,0,At Risk
13782,12,13,1786.08,137.3908,733,4,Loyal
13783,487,4,1542.09,385.5225,673,0,At Risk
13784,9,14,2910.23,207.8736,450,4,Loyal
13785,428,4,542.49,135.6225,460,0,At Risk
13786,367,6,3127.99,521.3317,736,0,At Risk
13787,75,6,1222.5,203.75,694,0,At Risk
13788,505,1,3.75,3.75,505,1,Lost
13789,388,1,239.46,239.46,388,1,Lost
13790,4,1,348.8,348.8,4,3,New
13791,127,2,1516.0,758.0,168,0,At Risk
13792,66,3,383.95,127.9833,422,3,New
13793,646,1,96.0,96.0,646,1,Lost
13794,546,1,126.03,126.03,546,1,Lost
13795,388,4,836.3,209.075,637,0,At Risk
13796,499,1,289.7,289.7,499,1,Lost
13797,436,3,1179.45,393.15,647,0,At Risk
13798,1,110,75428.87,685.717,731,2,Champions
13799,116,9,2803.57,311.5078,644,4,Loyal
13800,309,3,1679.56,559.8533,736,0,At Risk
13801,66,1,324.8,324.8,66,3,New
13802,138,19,26259.11,1382.0584,661,2,Champions
13803,255,3,1338.91,446.3033,618,0,At Risk
13804,30,9,3161.12,351.2356,436,4,Loyal
13805,52,2,924.6,462.3,129,3,New
13806,63,1,256.38,256.38,63,3,New
13807,367,3,422.2,140.7333,735,0,At Risk
13808,5,5,1747.66,349.532,96,4,Loyal
13809,305,3,679.7,226.5667,460,0,At Risk
13810,28,2,827.51,413.755,56,3,New
13811,183,2,519.75,259.875,239,0,At Risk
13812,42,3,485.0,161.6667,105,3,New
13813,39,8,2387.47,298.4338,733,4,Loyal
13814,92,3,2257.32,752.44,527,0,At Risk
13815,22,8,6737.74,842.2175,665,4,Loyal
13816,23,2,499.67,249.835,64,3,New
13817,29,2,328.98,164.49,351,3,New
13818,429,1,61.28,61.28,429,1,Lost
13819,301,6,2642.35,440.3917,738,0,At Risk
13820,418,3,652.75,217.5833,680,0,At Risk
13821,144,6,1379.08,229.8467,704,0,At Risk
13822,5,2,632.0,316.0,40,3,New
13823,18,7,3403.45,486.2071,724,4,Loyal
13824,32,12,3314.76,276.23,637,4,Loyal
13825,621,2,255.59,127.795,730,1,Lost
13826,176,1,189.5,189.5,176,1,Lost
13827,57,3,409.8,136.6,143,3,New
13828,22,1,209.49,209.49,22,3,New
13829,421,1,102.0,102.0,421,1,Lost
13830,581,1,156.85,156.85,581,1,Lost
13831,16,18,6585.54,365.8633,729,2,Champions
13832,19,2,609.89,304.945,422,3,New
13833,159,2,700.41,350.205,404,0,At Risk
13834,576,2,324.19,162.095,669,1,Lost
13835,25,7,1095.27,156.4671,645,4,Loyal
13836,399,2,620.37,310.185,414,0,At Risk
13837,211,2,266.59,133.295,317,1,Lost
13838,5,10,1690.07,169.007,579,4,Loyal
13839,486,1,139.95,139.95,486,1,Lost
13840,416,1,651.4,651.4,416,1,Lost
13841,252,1,85.0,85.0,252,1,Lost
13842,58,18,5319.34,295.5189,661,4,Loyal
13843,381,1,319.75,319.75,381,1,Lost
13844,11,1,361.62,361.62,11,3,New
13845,64,1,312.98,312.98,64,3,New
13846,24,4,1307.79,326.9475,399,3,New
13847,719,1,310.72,310.72,719,1,Lost
13848,92,8,3015.0,376.875,730,4,Loyal
13849,51,5,3469.3,693.86,624,4,Loyal
13850,129,1,1595.48,1595.48,129,0,At Risk
13851,95,8,4606.46,575.8075,679,4,Loyal
13852,610,1,187.35,187.35,610,1,Lost
13853,57,1,1090.14,1090.14,57,3,New
13854,8,39,11944.56,306.2708,700,2,Champions
13855,500,4,1310.34,327.585,731,0,At Risk
13856,168,11,1142.03,103.8209,619,0,At Risk
13857,393,6,1000.91,166.8183,571,0,At Risk
13858,57,1,216.17,216.17,57,3,New
13859,326,2,515.86,257.93,529,1,Lost
13860,1,5,1245.9,249.18,86,3,New
13861,429,2,273.26,136.63,530,1,Lost
13862,18,9,2556.09,284.01,389,4,Loyal
13863,247,4,1239.55,309.8875,593,0,At Risk
13864,386,1,662.4,662.4,386,1,Lost
13865,58,4,501.56,125.39,289,3,New
13866,74,1,145.67,145.67,74,1,Lost
13867,31,3,1005.09,335.03,218,3,New
13868,7,2,3192.54,1596.27,38,3,New
13869,123,10,7996.87,799.687,691,4,Loyal
13870,2,15,5712.08,380.8053,669,2,Champions
13871,22,17,7885.85,463.8735,719,2,Champions
13872,527,3,919.57,306.5233,725,0,At Risk
13873,119,8,1038.92,129.865,646,0,At Risk
13874,358,7,2049.15,292.7357,673,0,At Risk
13875,53,14,4814.37,343.8836,722,4,Loyal
13876,63,1,122.7,122.7,63,1,Lost
13877,86,3,449.68,149.8933,689,3,New
13878,54,4,2416.9,604.225,604,4,Loyal
13879,645,1,395.5,395.5,645,1,Lost
13880,21,17,4293.86,252.58,562,4,Loyal
13881,3,43,45179.1,1050.6767,645,2,Champions
13882,2,5,1191.13,238.226,64,3,New
13883,10,14,6535.37,466.8121,649,2,Champions
13884,7,10,1825.03,182.503,470,4,Loyal
13885,189,2,506.8,253.4,200,0,At Risk
13886,71,1,243.56,243.56,71,1,Lost
13887,204,1,349.55,349.55,204,1,Lost
13888,119,7,2001.59,285.9414,575,0,At Risk
13889,92,6,1991.23,331.8717,686,4,Loyal
13890,1,14,2927.38,209.0986,733,2,Champions
13891,378,3,859.21,286.4033,582,0,At Risk
13892,26,6,1267.65,211.275,575,4,Loyal
13893,297,1,821.1,821.1,297,1,Lost
13894,23,3,564.62,188.2067,310,3,New
13895,28,6,4008.52,668.0867,736,4,Loyal
13896,625,1,388.55,388.55,625,1,Lost
13897,50,3,1160.72,386.9067,677,3,New
13898,325,2,686.4,343.2,411,0,At Risk
13899,16,2,388.52,194.26,274,3,New
13900,183,6,1610.59,268.4317,624,0,At Risk
13901,72,15,5676.34,378.4227,703,4,Loyal
13902,632,5,34023.26,6804.652,724,0,At Risk
13903,400,1,165.45,165.45,400,1,Lost
13904,37,2,332.64,166.32,294,3,New
13905,732,1,312.65,312.65,732,1,Lost
13906,409,1,42.0,42.0,409,1,Lost
13907,691,1,136.8,136.8,691,1,Lost
13908,79,4,2319.55,579.8875,276,0,At Risk
13909,423,2,282.85,141.425,521,1,Lost
13911,57,20,4234.99,211.7495,648,4,Loyal
13912,423,1,124.95,124.95,423,1,Lost
13913,506,1,42.22,42.22,506,1,Lost
13914,11,2,626.45,313.225,36,3,New
13915,394,1,70.8,70.8,394,1,Lost
13916,463,4,1275.81,318.9525,675,0,At Risk
13917,49,2,272.04,136.02,191,3,New
13918,49,2,1212.84,606.42,253,3,New
13919,59,4,1252.68,313.17,540,0,At Risk
13920,431,4,1774.68,443.67,562,0,At Risk
13921,402,4,730.7,182.675,721,0,At Risk
13922,351,3,865.2,288.4,467,0,At Risk
13923,53,1,351.13,351.13,53,3,New
13924,1,6,1838.85,306.475,72,4,Loyal
13925,92,4,678.25,169.5625,134,0,At Risk
13926,23,1,223.85,223.85,23,3,New
13927,74,2,708.26,354.13,437,3,New
13928,10,4,464.57,116.1425,133,3,New
13929,169,11,3494.1,317.6455,694,4,Loyal
13930,57,2,337.34,168.67,136,3,New
13931,95,11,5257.38,477.9436,736,4,Loyal
13932,294,1,307.4,307.4,294,1,Lost
13933,109,2,608.79,304.395,148,0,At Risk
13934,263,1,922.1,922.1,263,0,At Risk
13935,596,3,6116.92,2038.9733,652,0,At Risk
13936,179,3,939.66,313.22,414,0,At Risk
13937,169,2,880.13,440.065,402,0,At Risk
13938,35,1,71.66,71.66,35,3,New
13939,23,7,1560.96,222.9943,612,4,Loyal
13940,17,4,839.14,209.785,144,3,New
13941,21,15,10027.18,668.4787,723,2,Champions
13942,534,1,320.0,320.0,534,1,Lost
13943,577,1,246.54,246.54,577,1,Lost
13944,653,1,200.43,200.43,653,1,Lost
13945,394,2,854.15,427.075,479,0,At Risk
13946,79,6,1876.23,312.705,735,4,Loyal
13947,65,1,90.6,90.6,65,1,Lost
13948,360,4,548.76,137.19,735,0,At Risk
13949,2,6,2427.32,404.5533,94,4,Loyal
13950,11,4,745.06,186.265,246,3,New
13951,176,3,674.45,224.8167,294,0,At Risk
13952,217,14,12823.521,915.9658,723,4,Loyal
13953,7,12,6640.68,553.39,728,2,Champions
13954,1,2,439.92,219.96,70,3,New
13955,154,3,544.07,181.3567,375,0,At Risk
13956,5,5,1019.27,203.854,271,3,New
13957,417,3,458.25,152.75,658,0,At Risk
13958,379,8,4709.23,588.6538,734,0,At Risk
13959,79,6,1064.77,177.4617,511,0,At Risk
13960,21,2,230.22,115.11,71,3,New
13961,392,1,538.4,538.4,392,1,Lost
13962,21,3,362.8,120.9333,435,3,New
13963,308,17,2860.57,168.2688,597,4,Loyal
13964,387,2,438.9,219.45,430,1,Lost
13965,476,3,996.61,332.2033,703,0,At Risk
13966,435,1,384.26,384.26,435,1,Lost
13967,145,2,166.3,83.15,396,1,Lost
13968,423,1,123.66,123.66,423,1,Lost
13969,7,35,12973.46,370.6703,624,2,Champions
13970,386,2,846.55,423.275,437,0,At Risk
13971,18,14,4667.57,333.3979,682,4,Loyal
13972,70,2,190.25,95.125,201,3,New
13973,287,1,264.7,264.7,287,1,Lost
13974,49,2,677.72,338.86,582,3,New
13975,31,12,5256.4,438.0333,675,4,Loyal
13976,206,4,1192.36,298.09,668,0,At Risk
13977,411,1,519.81,519.81,411,1,Lost
13978,14,2,196.79,98.395,45,3,New
13979,73,7,3373.63,481.9471,736,4,Loyal
13980,60,5,768.82,153.764,656,0,At Risk
13981,415,1,331.14,331.14,415,1,Lost
13982,39,9,3954.29,439.3656,688,4,Loyal
13983,29,21,6753.89,321.6138,730,2,Champions
13984,26,12,1893.8,157.8167,732,4,Loyal
13985,4,22,10020.86,455.4936,668,2,Champions
13986,17,1,320.46,320.46,17,3,New
13987,379,2,682.54,341.27,400,0,At Risk
13988,19,8,4757.8,594.725,625,4,Loyal
13989,65,5,2026.06,405.212,563,4,Loyal
13990,213,1,311.3,311.3,213,1,Lost
13991,12,6,851.88,141.98,143,3,New
13992,30,3,219.5,73.1667,463,3,New
13993,42,19,6775.71,356.6163,736,4,Loyal
13994,3,6,2274.14,379.0233,148,4,Loyal
13995,15,14,3902.01,278.715,721,4,Loyal
13996,386,2,845.76,422.88,399,0,At Risk
13997,519,3,376.46,125.4867,550,1,Lost
13998,446,3,566.7,188.9,576,0,At Risk
13999,10,29,9502.26,327.6641,734,2,Champions
14000,211,5,2046.34,409.268,737,0,At Risk
14001,45,9,4228.85,469.8722,493,4,Loyal
14002,134,2,529.73,264.865,156,0,At Risk
14003,732,1,209.41,209.41,732,1,Lost
14004,43,11,6258.45,568.95,435,4,Loyal
14005,9,5,2874.72,574.944,215,4,Loyal
14006,115,7,2196.67,313.81,652,4,Loyal
14007,512,1,79.48,79.48,512,1,Lost
14008,432,1,509.04,509.04,432,1,Lost
14009,198,3,1099.91,366.6367,462,0,At Risk
14010,565,2,445.15,222.575,565,1,Lost
14011,480,2,457.82,228.91,607,1,Lost
14012,277,1,328.8,328.8,277,1,Lost
14013,110,5,1084.57,216.914,623,0,At Risk
14014,77,3,1948.21,649.4033,576,0,At Risk
14015,52,1,917.34,917.34,52,3,New
14016,161,11,11303.41,1027.5827,700,4,Loyal
14017,571,1,229.75,229.75,571,1,Lost
14018,645,1,367.15,367.15,645,1,Lost
14019,46,3,1421.61,473.87,138,3,New
14020,16,4,1249.01,312.2525,529,3,New
14021,155,7,1716.58,245.2257,592,0,At Risk
14022,225,2,792.15,396.075,486,0,At Risk
14023,7,2,584.07,292.035,250,3,New
14024,121,3,645.74,215.2467,390,0,At Risk
14025,464,8,4057.9,507.2375,583,0,At Risk
14026,470,2,713.11,356.555,625,0,At Risk
14027,60,1,104.82,104.82,60,1,Lost
14028,550,3,10396.5,3465.5,550,0,At Risk
14029,63,2,467.66,233.83,144,3,New
14030,18,20,7521.8,376.09,729,2,Champions
14031,7,44,39019.51,886.807,736,2,Champions
14032,2,16,4546.41,284.1506,725,2,Champions
14033,555,1,109.44,109.44,555,1,Lost
14034,22,3,648.89,216.2967,157,3,New
14035,28,9,2794.75,310.5278,612,4,Loyal
14036,284,1,626.65,626.65,284,1,Lost
14037,176,6,836.95,139.4917,732,0,At Risk
14038,78,5,3069.88,613.976,673,4,Loyal
14039,33,2,267.28,133.64,575,3,New
14040,40,35,12523.81,357.8231,738,2,Champions
14041,266,1,141.41,141.41,266,1,Lost
14042,725,1,431.98,431.98,725,1,Lost
14043,491,2,302.6,151.3,729,1,Lost
14044,26,10,3073.95,307.395,684,4,Loyal
14045,109,16,10986.63,686.6644,700,4,Loyal
14046,284,1,151.59,151.59,284,1,Lost
14047,8,14,3968.11,283.4364,676,4,Loyal
14048,305,3,748.69,249.5633,382,0,At Risk
14049,16,13,13023.4,1001.8,617,2,Champions
14050,31,2,746.36,373.18,106,3,New
14051,0,37,21770.98,588.4049,736,2,Champions
14052,19,2,466.66,233.33,390,3,New
14053,124,4,572.3,143.075,486,0,At Risk
14054,65,1,92.46,92.46,65,1,Lost
14055,106,3,1520.96,506.9867,723,0,At Risk
14056,1,23,8152.71,354.4657,284,2,Champions
14057,23,22,8346.66,379.3936,736,2,Champions
14058,462,2,469.19,234.595,530,1,Lost
14059,266,1,183.6,183.6,266,1,Lost
14060,4,30,8898.24,296.608,638,2,Champions
14061,507,3,917.43,305.81,738,0,At Risk
14062,9,24,25585.65,1066.0688,729,2,Champions
14063,686,7,9471.5,1353.0714,731,0,At Risk
14064,29,15,3260.24,217.3493,687,4,Loyal
14065,389,3,891.02,297.0067,431,0,At Risk
14066,266,1,152.55,152.55,266,1,Lost
14067,63,2,374.7,187.35,96,3,New
14068,320,4,1516.72,379.18,677,0,At Risk
14069,514,2,225.81,112.905,561,1,Lost
14070,684,1,321.6,321.6,684,1,Lost
14071,3,8,1422.75,177.8438,264,4,Loyal
14072,666,1,390.85,390.85,666,1,Lost
14073,32,1,151.04,151.04,32,3,New
14074,623,1,219.4,219.4,623,1,Lost
14075,4,5,1724.87,344.974,470,4,Loyal
14076,129,1,118.67,118.67,129,1,Lost
14077,40,6,615.08,102.5133,395,3,New
14078,101,9,1551.82,172.4244,621,4,Loyal
14079,124,1,375.1,375.1,124,1,Lost
14080,32,5,1115.68,223.136,737,4,Loyal
14081,302,10,4867.57,486.757,729,4,Loyal
14082,364,2,413.36,206.68,392,1,Lost
14083,4,11,1082.19,98.3809,721,4,Loyal
14084,512,1,150.5,150.5,512,1,Lost
14085,2,32,9705.67,303.3022,731,2,Champions
14086,462,1,39.95,39.95,462,1,Lost
14087,2,3,829.47,276.49,735,3,New
14088,10,16,64036.8,4002.3,421,2,Champions
14089,56,1,158.75,158.75,56,1,Lost
14090,324,1,76.32,76.32,324,1,Lost
14091,654,2,9530.08,4765.04,698,0,At Risk
14092,7,24,7229.45,301.2271,723,2,Champions
14093,12,1,433.86,433.86,12,3,New
14094,439,1,311.77,311.77,439,1,Lost
14095,722,1,2.95,2.95,722,1,Lost
14096,4,17,53258.43,3132.8488,101,2,Champions
14097,481,2,422.86,211.43,645,1,Lost
14098,36,1,147.35,147.35,36,3,New
14099,16,20,5750.91,287.5455,729,2,Champions
14100,137,1,191.95,191.95,137,1,Lost
14101,73,13,9961.93,766.3023,621,4,Loyal
14102,5,5,1105.88,221.176,44,3,New
14104,154,5,740.53,148.106,560,0,At Risk
14105,239,5,5988.83,1197.766,721,0,At Risk
14106,737,1,214.8,214.8,737,1,Lost
14107,51,11,4877.3,443.3909,730,4,Loyal
14108,30,4,1044.96,261.24,738,3,New
14109,72,1,144.2,144.2,72,1,Lost
14110,3,33,12987.95,393.5742,738,2,Champions
14111,14,4,692.85,173.2125,241,3,New
14112,22,13,5834.59,448.8146,654,4,Loyal
14113,3,16,7092.61,443.2881,731,2,Champions
14114,273,7,1364.09,194.87,606,0,At Risk
14115,501,2,622.67,311.335,666,0,At Risk
14116,19,5,1382.74,276.548,121,4,Loyal
14117,143,1,90.0,90.0,143,1,Lost
14118,428,1,458.45,458.45,428,1,Lost
14119,375,2,183.37,91.685,718,1,Lost
14121,3,4,2780.15,695.0375,59,4,Loyal
14122,406,3,362.42,120.8067,737,1,Lost
14123,733,1,436.18,436.18,733,1,Lost
14124,84,1,419.58,419.58,84,1,Lost
14125,10,3,2720.63,906.8767,78,4,Loyal
14126,7,4,1172.46,293.115,444,3,New
14127,122,6,1900.08,316.68,425,0,At Risk
14128,60,3,924.21,308.07,551,3,New
14129,1,9,2591.34,287.9267,579,4,Loyal
14130,319,4,1858.77,464.6925,728,0,At Risk
14131,648,1,168.22,168.22,648,1,Lost
14132,2,11,3586.03,326.0027,183,2,Champions
14133,129,4,911.14,227.785,733,0,At Risk
14134,382,15,11123.35,741.5567,729,4,Loyal
14135,1,24,8839.67,368.3196,737,2,Champions
14136,400,5,1570.81,314.162,731,0,At Risk
14137,695,1,332.7,332.7,695,1,Lost
14138,1,2,965.88,482.94,63,3,New
14139,46,4,1086.8,271.7,542,3,New
14140,3,2,935.05,467.525,31,3,New
14141,2,4,915.13,228.7825,105,3,New
14142,373,2,671.34,335.67,646,0,At Risk
14143,133,1,115.8,115.8,133,1,Lost
14144,486,1,30.6,30.6,486,1,Lost
14145,46,7,7600.05,1085.7214,610,4,Loyal
14146,8,12,9450.3,787.525,695,2,Champions
14147,78,9,2590.2,287.8,640,4,Loyal
14148,233,2,466.29,233.145,414,1,Lost
14149,220,1,446.62,446.62,220,1,Lost
14150,35,2,658.64,329.32,359,3,New
14151,673,2,679.45,339.725,716,0,At Risk
14152,75,7,1997.34,285.3343,659,4,Loyal
14153,483,1,233.4,233.4,483,1,Lost
14154,239,8,6460.7,807.5875,695,4,Loyal
14155,266,1,118.75,118.75,266,1,Lost
14156,9,144,303069.88,2104.6519,738,2,Champions
14157,19,5,978.69,195.738,646,3,New
14158,40,1,507.66,507.66,40,3,New
14159,19,20,7849.58,392.479,736,2,Champions
14160,610,7,8421.47,1203.0671,698,0,At Risk
14161,215,7,2996.93,428.1329,726,0,At Risk
14162,173,2,289.36,144.68,292,1,Lost
14163,87,5,2594.62,518.924,462,4,Loyal
14164,70,2,1631.77,815.885,80,0,At Risk
14165,275,1,120.44,120.44,275,1,Lost
14166,505,2,251.15,125.575,626,1,Lost
14167,39,8,1274.29,159.2862,681,4,Loyal
14168,420,2,370.45,185.225,564,1,Lost
14169,430,2,613.11,306.555,444,0,At Risk
14170,375,3,570.18,190.06,395,0,At Risk
14171,98,2,498.79,249.395,730,3,New
14172,605,3,369.02,123.0067,642,1,Lost
14173,10,6,586.0,97.6667,730,3,New
14174,33,1,134.46,134.46,33,3,New
14175,59,8,7678.88,959.86,627,4,Loyal
14176,297,5,756.46,151.292,381,0,At Risk
14177,86,13,2209.69,169.9762,651,4,Loyal
14178,8,7,1580.26,225.7514,182,4,Loyal
14179,40,2,701.57,350.785,52,3,New
14180,10,33,6117.5,185.3788,548,2,Champions
14181,410,2,308.35,154.175,562,1,Lost
14182,443,4,678.77,169.6925,596,0,At Risk
14183,411,2,278.34,139.17,481,1,Lost
14184,66,1,452.89,452.89,66,3,New
14185,331,1,197.65,197.65,331,1,Lost
14186,427,5,1550.63,310.126,644,0,At Risk
14187,473,1,123.5,123.5,473,1,Lost
14188,30,6,2054.36,342.3933,310,4,Loyal
14189,2,16,5503.15,343.9469,388,2,Champions
14190,666,1,79.9,79.9,666,1,Lost
14191,1,15,4817.66,321.1773,728,2,Champions
14192,388,1,293.74,293.74,388,1,Lost
14193,67,3,1210.19,403.3967,396,0,At Risk
14194,4,36,18670.59,518.6275,702,2,Champions
14195,201,6,2615.6,435.9333,634,0,At Risk
14196,106,1,335.52,335.52,106,1,Lost
14197,410,1,390.05,390.05,410,1,Lost
14198,18,9,1569.73,174.4144,703,4,Loyal
14199,218,4,1091.7,272.925,530,0,At Risk
14200,617,1,379.2,379.2,617,1,Lost
14201,60,10,1193.54,119.354,588,4,Loyal
14202,381,3,847.76,282.5867,624,0,At Risk
14203,397,1,339.34,339.34,397,1,Lost
14204,2,4,1024.83,256.2075,737,3,New
14205,16,9,2414.2,268.2444,642,4,Loyal
14206,239,3,1185.01,395.0033,402,0,At Risk
14207,687,1,157.8,157.8,687,1,Lost
14208,94,2,567.05,283.525,551,3,New
14209,10,15,4993.27,332.8847,686,2,Champions
14210,105,16,5556.57,347.2856,702,4,Loyal
14211,53,18,4402.29,244.5717,730,4,Loyal
14212,89,2,2190.14,1095.07,445,0,At Risk
14213,404,1,1192.2,1192.2,404,0,At Risk
14214,30,5,1004.38,200.876,277,3,New
14215,11,9,3250.33,361.1478,731,4,Loyal
14216,3,5,2150.04,430.008,414,4,Loyal
14217,1,23,3298.59,143.417,527,2,Champions
14218,42,1,169.48,169.48,42,3,New
14219,4,3,633.83,211.2767,493,3,New
14220,247,4,1515.0,378.75,569,0,At Risk
14221,42,17,6517.49,383.3818,612,4,Loyal
14222,177,1,683.17,683.17,177,1,Lost
14223,92,3,991.13,330.3767,264,0,At Risk
14224,110,9,1841.71,204.6344,544,4,Loyal
14225,434,4,2031.07,507.7675,696,0,At Risk
14226,28,6,2985.13,497.5217,441,4,Loyal
14227,26,15,6366.16,424.4107,669,4,Loyal
14228,437,3,745.5,248.5,546,0,At Risk
14229,51,7,2594.04,370.5771,471,4,Loyal
14230,435,3,979.8,326.6,548,0,At Risk
14231,183,4,1235.62,308.905,450,0,At Risk
14232,42,5,2048.07,409.614,264,4,Loyal
14233,49,7,2904.27,414.8957,644,4,Loyal
14234,22,4,754.12,188.53,57,3,New
14235,75,9,4717.99,524.2211,619,4,Loyal
14236,80,5,1555.34,311.068,505,0,At Risk
14237,373,2,471.14,235.57,590,1,Lost
14238,326,3,434.23,144.7433,734,0,At Risk
14239,43,21,4263.17,203.0081,734,4,Loyal
14240,30,3,1247.49,415.83,423,3,New
14241,183,2,333.7,166.85,696,1,Lost
14242,234,2,280.55,140.275,325,1,Lost
14243,8,17,7217.75,424.5735,476,2,Champions
14244,660,1,366.42,366.42,660,1,Lost
14245,219,2,1693.45,846.725,263,0,At Risk
14246,110,3,1474.06,491.3533,245,0,At Risk
14247,278,5,753.56,150.712,551,0,At Risk
14248,318,3,1032.95,344.3167,515,0,At Risk
14249,410,12,5400.461,450.0384,679,4,Loyal
14250,7,3,1904.05,634.6833,89,3,New
14251,1,5,2879.7,575.94,57,4,Loyal
14252,381,1,350.99,350.99,381,1,Lost
14253,493,2,363.4,181.7,623,1,Lost
14254,432,1,601.03,601.03,432,1,Lost
14256,260,5,2460.79,492.158,694,0,At Risk
14257,64,9,5954.45,661.6056,648,4,Loyal
14258,9,25,32051.34,1282.0536,735,2,Champions
14259,141,1,120.0,120.0,141,1,Lost
14260,471,3,824.28,274.76,548,0,At Risk
14261,50,2,1163.45,581.725,78,3,New
14262,8,8,2618.23,327.2788,240,4,Loyal
14263,423,1,322.93,322.93,423,1,Lost
14264,154,6,1517.36,252.8933,611,0,At Risk
14265,109,4,1373.35,343.3375,612,0,At Risk
14266,428,1,40.56,40.56,428,1,Lost
14267,162,3,1516.24,505.4133,260,0,At Risk
14268,470,1,354.85,354.85,470,1,Lost
14269,439,1,295.73,295.73,439,1,Lost
14270,331,1,492.65,492.65,331,1,Lost
14271,225,2,214.18,107.09,409,1,Lost
14272,73,4,920.81,230.2025,582,0,At Risk
14273,51,4,559.97,139.9925,242,3,New
14274,686,1,256.6,256.6,686,1,Lost
14275,395,6,1189.38,198.23,607,0,At Risk
14276,98,7,2102.68,300.3829,660,4,Loyal
14277,15,8,16789.16,2098.645,726,4,Loyal
14278,409,1,205.83,205.83,409,1,Lost
14279,520,2,191.86,95.93,681,1,Lost
14280,196,1,134.04,134.04,196,1,Lost
14281,408,1,245.15,245.15,408,1,Lost
14282,3,25,7250.76,290.0304,662,2,Champions
14283,463,4,628.44,157.11,569,0,At Risk
14284,30,3,1299.65,433.2167,653,3,New
14285,21,8,3284.42,410.5525,731,4,Loyal
14286,23,7,8479.76,1211.3943,735,4,Loyal
14287,8,3,176.63,58.8767,198,3,New
14288,213,1,426.6,426.6,213,1,Lost
14289,8,6,911.26,151.8767,289,3,New
14290,11,8,4516.56,564.57,731,4,Loyal
14291,1,23,7904.1,343.6565,730,2,Champions
14292,7,16,9226.25,576.6406,630,2,Champions
14293,3,9,2903.01,322.5567,729,4,Loyal
14294,407,1,375.34,375.34,407,1,Lost
14295,40,4,2352.91,588.2275,730,4,Loyal
14296,421,2,456.4,228.2,574,1,Lost
14297,17,4,1305.33,326.3325,274,3,New
14298,8,82,91194.49,1112.1279,728,2,Champions
14299,8,27,14070.25,521.1204,737,2,Champions
14300,18,1,43.2,43.2,18,3,New
14301,117,4,1992.18,498.045,666,0,At Risk
14302,430,3,742.9,247.6333,737,0,At Risk
14303,407,2,277.94,138.97,434,1,Lost
14304,222,3,1725.01,575.0033,570,0,At Risk
14305,71,3,1858.96,619.6533,135,0,At Risk
14306,51,6,3151.4,525.2333,677,4,Loyal
14307,88,10,4287.92,428.792,732,4,Loyal
14309,8,11,3780.81,343.71,550,4,Loyal
14310,432,1,492.1,492.1,432,1,Lost
14311,242,2,516.45,258.225,567,0,At Risk
14312,46,11,3090.29,280.9355,504,4,Loyal
14314,106,2,229.8,114.9,430,1,Lost
14315,44,8,3197.82,399.7275,634,4,Loyal
14316,422,5,1370.34,274.068,630,0,At Risk
14317,64,1,508.58,508.58,64,3,New
14318,460,1,158.02,158.02,460,1,Lost
14319,424,1,494.85,494.85,424,1,Lost
14320,206,5,1346.75,269.35,687,0,At Risk
14321,10,7,2218.06,316.8657,473,4,Loyal
14322,429,4,474.1,118.525,659,0,At Risk
14323,114,2,605.06,302.53,238,0,At Risk
14324,409,2,701.61,350.805,693,0,At Risk
14325,569,1,245.48,245.48,569,1,Lost
14326,242,3,940.98,313.66,532,0,At Risk
14327,163,6,1894.93,315.8217,700,0,At Risk
14329,17,15,9887.62,659.1747,723,2,Champions
14330,623,1,200.63,200.63,623,1,Lost
14331,124,2,462.66,231.33,135,0,At Risk
14332,22,5,1917.41,383.482,416,4,Loyal
14333,67,1,415.2,415.2,67,3,New
14334,16,12,4318.48,359.8733,568,4,Loyal
14335,16,2,454.86,227.43,96,3,New
14336,16,4,1614.91,403.7275,276,3,New
14338,161,3,928.1,309.3667,536,0,At Risk
14339,242,2,620.27,310.135,428,0,At Risk
14340,218,1,134.7,134.7,218,1,Lost
14341,45,18,4452.02,247.3344,738,4,Loyal
14342,21,6,918.44,153.0733,472,4,Loyal
14343,421,4,1079.66,269.915,690,0,At Risk
14344,127,20,2993.05,149.6525,626,4,Loyal
14345,38,1,108.98,108.98,38,3,New
14346,120,5,2315.75,463.15,497,0,At Risk
14347,736,1,82.6,82.6,736,1,Lost
14348,260,1,409.57,409.57,260,1,Lost
14349,10,1,133.5,133.5,10,3,New
14350,274,3,972.03,324.01,430,0,At Risk
14351,164,1,51.0,51.0,164,1,Lost
14352,157,4,1078.96,269.74,273,0,At Risk
14353,215,3,376.5,125.5,431,0,At Risk
14354,5,2,163.62,81.81,30,3,New
14355,365,3,840.05,280.0167,627,0,At Risk
14356,79,2,701.23,350.615,81,3,New
14357,43,1,225.12,225.12,43,3,New
14358,389,2,400.06,200.03,428,1,Lost
14359,19,3,912.18,304.06,87,3,New
14360,31,4,2118.03,529.5075,94,4,Loyal
14361,578,1,214.71,214.71,578,1,Lost
14362,22,1,151.5,151.5,22,3,New
14363,402,2,227.47,113.735,451,1,Lost
14364,108,8,3717.35,464.6688,211,4,Loyal
14365,394,2,634.68,317.34,681,0,At Risk
14366,525,1,136.0,136.0,525,1,Lost
14367,8,16,9227.82,576.7388,276,2,Champions
14368,319,1,155.0,155.0,319,1,Lost
14369,642,2,469.13,234.565,661,1,Lost
14370,450,6,1175.78,195.9633,676,0,At Risk
14371,295,1,100.5,100.5,295,1,Lost
14372,443,2,860.08,430.04,599,0,At Risk
14373,358,1,76.55,76.55,358,1,Lost
14374,541,1,108.0,108.0,541,1,Lost
14375,185,3,1106.82,368.94,541,0,At Risk
14376,683,1,215.46,215.46,683,1,Lost
14377,191,2,617.05,308.525,262,0,At Risk
14378,621,1,131.25,131.25,621,1,Lost
14379,44,4,1265.16,316.29,480,3,New
14381,52,2,625.94,312.97,451,3,New
14382,26,2,1193.63,596.815,390,3,New
14383,38,3,1247.69,415.8967,163,3,New
14384,500,1,58.5,58.5,500,1,Lost
14385,9,3,202.11,67.37,23,3,New
14386,296,1,142.4,142.4,296,1,Lost
14387,32,3,1727.6,575.8667,109,3,New
14388,10,16,6388.2,399.2625,688,2,Champions
14389,65,5,1898.01,379.602,590,4,Loyal
14390,10,13,6150.03,473.0792,425,4,Loyal
14391,576,1,135.6,135.6,576,1,Lost
14392,432,1,266.4,266.4,432,1,Lost
14393,218,1,67.95,67.95,218,1,Lost
14394,564,1,93.8,93.8,564,1,Lost
14395,2,20,7801.93,390.0965,600,2,Champions
14396,65,7,1969.38,281.34,737,4,Loyal
14397,2,19,2612.96,137.5242,213,2,Champions
14398,401,2,707.79,353.895,527,0,At Risk
14399,394,8,2108.21,263.5262,674,0,At Risk
14400,149,3,1732.47,577.49,631,0,At Risk
14401,4,22,6795.9,308.9045,725,2,Champions
14402,652,1,285.6,285.6,652,1,Lost
14403,130,6,1880.51,313.4183,639,0,At Risk
14404,33,13,2724.13,209.5485,719,4,Loyal
14405,386,1,195.0,195.0,386,1,Lost
14406,119,1,156.75,156.75,119,1,Lost
14407,107,5,2142.73,428.546,276,0,At Risk
14408,10,11,4102.27,372.9336,732,4,Loyal
14409,71,9,3427.29,380.81,567,4,Loyal
14410,92,11,2630.9,239.1727,437,4,Loyal
14411,310,1,1063.0,1063.0,310,0,At Risk
14412,42,3,1426.19,475.3967,424,3,New
14413,362,3,421.72,140.5733,689,0,At Risk
14414,91,8,2399.33,299.9162,374,4,Loyal
14415,1,23,11980.09,520.8735,723,2,Champions
14416,22,2,490.22,245.11,42,3,New
14417,387,1,524.65,524.65,387,1,Lost
14418,3,3,1937.25,645.75,108,3,New
14419,10,7,1254.64,179.2343,382,4,Loyal
14420,99,4,1639.17,409.7925,691,0,At Risk
14421,57,6,2469.37,411.5617,691,4,Loyal
14422,0,19,10271.52,540.6063,722,2,Champions
14423,218,3,916.61,305.5367,694,0,At Risk
14424,17,1,322.08,322.08,17,3,New
14425,434,3,661.39,220.4633,737,0,At Risk
14426,23,17,11727.94,689.8788,645,2,Champions
14427,50,4,1263.52,315.88,631,3,New
14428,7,5,1224.06,244.812,325,3,New
14429,403,1,516.28,516.28,403,1,Lost
14430,511,3,1220.9,406.9667,607,0,At Risk
14431,302,4,2614.2,653.55,687,0,At Risk
14432,9,6,2248.5,374.75,89,4,Loyal
14433,465,1,280.7,280.7,465,1,Lost
14434,21,6,1372.8,228.8,72,4,Loyal
14435,501,1,90.42,90.42,501,1,Lost
14436,98,2,271.7,135.85,553,1,Lost
14437,365,5,873.34,174.668,583,0,At Risk
14438,306,1,131.9,131.9,306,1,Lost
14439,319,5,9443.04,1888.608,687,0,At Risk
14440,8,13,5982.03,460.1562,737,2,Champions
14441,0,11,4611.69,419.2445,690,2,Champions
14442,204,7,5367.02,766.7171,690,4,Loyal
14443,53,5,2082.97,416.594,379,4,Loyal
14444,456,1,120.44,120.44,456,1,Lost
14445,455,1,221.65,221.65,455,1,Lost
14446,0,5,1195.48,239.096,386,3,New
14447,18,6,1711.73,285.2883,400,4,Loyal
14448,9,2,375.35,187.675,364,3,New
14449,18,8,2230.96,278.87,436,4,Loyal
14450,180,7,1128.44,161.2057,610,0,At Risk
14451,60,12,3258.68,271.5567,691,4,Loyal
14452,10,4,658.95,164.7375,521,3,New
14453,190,1,119.93,119.93,190,1,Lost
14454,376,5,977.3,195.46,733,0,At Risk
14455,432,4,617.72,154.43,495,0,At Risk
14456,5,9,3014.32,334.9244,142,4,Loyal
14457,310,1,113.64,113.64,310,1,Lost
14458,380,1,219.27,219.27,380,1,Lost
14459,155,2,5375.741,2687.8705,651,0,At Risk
14460,110,9,1093.5,121.5,724,0,At Risk
14461,148,13,6676.52,513.5785,690,4,Loyal
14462,66,12,2237.81,186.4842,432,4,Loyal
14463,98,4,786.57,196.6425,499,0,At Risk
14464,568,2,111.0,55.5,627,1,Lost
14465,246,11,3925.85,356.8955,701,4,Loyal
14466,29,13,4267.15,328.2423,726,4,Loyal
14467,17,12,2203.24,183.6033,737,4,Loyal
14468,733,1,204.24,204.24,733,1,Lost
14469,416,4,2093.46,523.365,679,0,At Risk
14470,11,3,712.04,237.3467,430,3,New
14471,591,2,400.95,200.475,732,1,Lost
14472,103,9,2118.72,235.4133,689,4,Loyal
14473,74,2,234.34,117.17,282,3,New
14474,46,2,1258.89,629.445,579,3,New
14475,71,4,1151.15,287.7875,408,0,At Risk
14476,257,1,193.0,193.0,257,1,Lost
14477,19,7,1969.6,281.3714,704,4,Loyal
14478,382,4,1276.66,319.165,738,0,At Risk
14479,253,4,1124.71,281.1775,733,0,At Risk
14480,11,4,1299.52,324.88,718,3,New
14481,164,5,2284.69,456.938,677,0,At Risk
14482,18,12,4306.72,358.8933,470,4,Loyal
14483,281,2,257.1,128.55,736,1,Lost
14484,50,4,1070.98,267.745,722,3,New
14485,38,1,162.8,162.8,38,3,New
14486,511,2,175.5,87.75,553,1,Lost
14487,26,7,1266.27,180.8957,379,4,Loyal
14488,67,1,1064.28,1064.28,67,3,New
14489,207,4,1574.93,393.7325,612,0,At Risk
14490,406,2,1273.47,636.735,428,0,At Risk
14491,175,2,340.93,170.465,372,1,Lost
14492,430,7,1921.91,274.5586,619,0,At Risk
14493,7,10,5087.86,508.786,641,4,Loyal
14494,25,3,401.46,133.82,731,3,New
14495,50,3,174.8,58.2667,659,3,New
14496,311,7,2363.89,337.6986,633,0,At Risk
14497,309,2,697.06,348.53,673,0,At Risk
14498,42,10,3900.83,390.083,550,4,Loyal
14499,26,7,2101.79,300.2557,469,4,Loyal
14500,88,3,356.85,118.95,189,3,New
14501,183,2,251.21,125.605,319,1,Lost
14502,19,11,2426.79,220.6173,313,4,Loyal
14503,3,6,3543.26,590.5433,178,4,Loyal
14504,47,4,673.26,168.315,278,3,New
14505,17,19,11873.08,624.8989,730,2,Champions
14506,17,7,2960.25,422.8929,599,4,Loyal
14507,23,11,3216.74,292.4309,729,4,Loyal
14508,22,5,822.92,164.584,540,3,New
14509,534,1,110.95,110.95,534,1,Lost
14510,375,3,979.85,326.6167,436,0,At Risk
14511,11,5,1314.81,262.962,133,4,Loyal
14512,187,7,1215.97,173.71,732,0,At Risk
14513,100,6,788.01,131.335,568,0,At Risk
14514,61,9,4380.04,486.6711,726,4,Loyal
14515,17,12,3724.06,310.3383,550,4,Loyal
14516,516,1,151.17,151.17,516,1,Lost
14517,33,2,330.45,165.225,141,3,New
14518,64,1,174.37,174.37,64,1,Lost
14519,683,2,203.14,101.57,728,1,Lost
14520,1,2,270.6,135.3,290,3,New
14521,491,1,199.45,199.45,491,1,Lost
14522,24,8,1748.42,218.5525,684,4,Loyal
14523,108,1,241.09,241.09,108,1,Lost
14524,31,13,2909.86,223.8354,416,4,Loyal
14525,19,17,8018.59,471.6818,726,2,Champions
14526,389,1,258.65,258.65,389,1,Lost
14527,2,121,27191.1,224.7198,737,2,Champions
14528,37,1,364.22,364.22,37,3,New
14529,60,3,578.61,192.87,110,3,New
14530,25,16,6088.87,380.5544,687,4,Loyal
14531,479,1,376.34,376.34,479,1,Lost
14532,236,11,3845.78,349.6164,698,4,Loyal
14533,24,11,3466.37,315.1245,610,4,Loyal
14534,2,26,6183.06,237.81,634,2,Champions
14535,60,9,5961.89,662.4322,653,4,Loyal
14536,259,1,170.95,170.95,259,1,Lost
14537,57,2,641.4,320.7,623,3,New
14538,64,5,1370.84,274.168,683,0,At Risk
14539,15,2,537.48,268.74,44,3,New
14540,9,11,3709.64,337.24,732,4,Loyal
14541,58,14,2491.38,177.9557,701,4,Loyal
14542,185,1,103.25,103.25,185,1,Lost
14543,28,39,14548.22,373.0313,738,2,Champions
14544,24,3,2938.53,979.51,470,4,Loyal
14545,674,1,349.25,349.25,674,1,Lost
14546,5,11,5184.84,471.3491,733,4,Loyal
14547,3,8,3974.75,496.8438,54,4,Loyal
14548,150,9,2541.29,282.3656,733,4,Loyal
14549,311,4,913.6,228.4,737,0,At Risk
14550,10,4,1345.06,336.265,483,3,New
14551,18,7,878.09,125.4414,681,4,Loyal
14552,151,3,507.93,169.31,592,0,At Risk
14553,19,9,1818.6,202.0667,509,4,Loyal
14554,10,4,2279.49,569.8725,52,4,Loyal
14555,57,6,2304.03,384.005,721,4,Loyal
14556,596,3,815.69,271.8967,688,0,At Risk
14557,85,1,788.38,788.38,85,3,New
14558,654,3,655.5,218.5,731,0,At Risk
14559,390,1,75.6,75.6,390,1,Lost
14560,7,44,6114.03,138.9552,737,2,Champions
14561,75,3,1080.76,360.2533,184,0,At Risk
14562,3,26,6638.15,255.3135,670,2,Champions
14563,509,2,625.42,312.71,592,0,At Risk
14564,434,2,2605.62,1302.81,735,0,At Risk
14565,95,5,3709.22,741.844,473,4,Loyal
14566,110,4,4092.0,1023.0,533,0,At Risk
14567,56,2,1530.36,765.18,130,3,New
14568,435,1,919.7,919.7,435,1,Lost
14569,1,4,597.33,149.3325,603,3,New
14570,280,3,512.4,170.8,443,0,At Risk
14571,425,1,160.0,160.0,425,1,Lost
14572,3,11,5520.98,501.9073,621,2,Champions
14573,179,13,2163.12,166.3938,700,4,Loyal
14574,732,1,143.7,143.7,732,1,Lost
14575,488,1,420.22,420.22,488,1,Lost
14576,372,1,35.4,35.4,372,1,Lost
14577,12,7,1364.15,194.8786,728,4,Loyal
14578,3,1,168.63,168.63,3,3,New
14579,432,1,105.56,105.56,432,1,Lost
14580,518,1,14.85,14.85,518,1,Lost
14581,16,2,409.65,204.825,544,3,New
14582,40,1,114.11,114.11,40,3,New
14583,5,8,1660.29,207.5362,621,4,Loyal
14584,169,8,1738.16,217.27,660,0,At Risk
14585,50,5,1143.27,228.654,416,4,Loyal
14586,276,1,237.36,237.36,276,1,Lost
14587,18,9,1580.29,175.5878,331,4,Loyal
14588,578,1,135.39,135.39,578,1,Lost
14589,371,1,39.75,39.75,371,1,Lost
14590,424,20,2993.37,149.6685,732,4,Loyal
14591,15,4,1320.21,330.0525,213,3,New
14592,35,3,557.94,185.98,64,3,New
14593,21,12,3658.03,304.8358,730,4,Loyal
14594,7,2,363.33,181.665,373,3,New
14595,19,8,2164.45,270.5562,688,4,Loyal
14596,626,1,222.22,222.22,626,1,Lost
14597,11,6,2184.63,364.105,437,4,Loyal
14598,44,2,384.04,192.02,569,3,New
14599,390,2,457.89,228.945,509,1,Lost
14600,305,2,865.17,432.585,393,0,At Risk
14601,10,1,213.96,213.96,10,3,New
14602,656,1,205.36,205.36,656,1,Lost
14603,274,1,660.0,660.0,274,1,Lost
14604,633,1,136.36,136.36,633,1,Lost
14605,374,4,920.71,230.1775,731,0,At Risk
14606,1,184,29648.75,161.1345,736,2,Champions
14607,15,20,22575.13,1128.7565,724,2,Champions
14608,4,10,3342.94,334.294,733,4,Loyal
14609,72,10,1486.2,148.62,668,4,Loyal
14610,395,2,24.35,12.175,514,1,Lost
14611,443,2,604.33,302.165,598,0,At Risk
14612,415,1,877.7,877.7,415,1,Lost
14613,680,1,76.32,76.32,680,1,Lost
14614,386,1,295.13,295.13,386,1,Lost
14615,394,5,951.76,190.352,548,0,At Risk
14616,242,5,527.78,105.556,548,0,At Risk
14617,402,2,190.47,95.235,415,1,Lost
14618,9,7,1342.32,191.76,546,4,Loyal
14619,245,2,1291.24,645.62,541,0,At Risk
14620,205,2,412.78,206.39,283,1,Lost
14621,1,9,3000.57,333.3967,683,4,Loyal
14622,184,1,320.58,320.58,184,1,Lost
14623,32,10,2012.3,201.23,602,4,Loyal
14624,57,6,814.07,135.6783,604,0,At Risk
14625,196,11,4497.88,408.8982,723,4,Loyal
14626,23,11,5410.92,491.9018,729,4,Loyal
14627,379,1,462.75,462.75,379,1,Lost
14628,91,5,1998.0,399.6,683,0,At Risk
14629,4,2,955.26,477.63,47,3,New
14630,484,1,338.65,338.65,484,1,Lost
14631,50,6,2025.69,337.615,487,4,Loyal
14632,262,1,114.56,114.56,262,1,Lost
14633,266,1,344.9,344.9,266,1,Lost
14634,437,4,2124.46,531.115,541,0,At Risk
14635,453,1,215.22,215.22,453,1,Lost
14636,36,2,609.85,304.925,268,3,New
14637,677,1,106.68,106.68,677,1,Lost
14638,50,1,443.6,443.6,50,3,New
14639,52,9,4978.96,553.2178,661,4,Loyal
14640,24,10,3649.36,364.936,686,4,Loyal
14641,21,1,110.46,110.46,21,3,New
14642,58,1,96.12,96.12,58,1,Lost
14643,170,5,1679.89,335.978,728,0,At Risk
14644,67,7,2247.72,321.1029,736,4,Loyal
14645,156,3,876.89,292.2967,634,0,At Risk
14646,1,145,526751.52,3632.7691,737,2,Champions
14647,201,2,506.04,253.02,523,0,At Risk
14648,416,15,4463.39,297.5593,729,4,Loyal
14649,4,9,3651.19,405.6878,688,4,Loyal
14650,589,1,62.5,62.5,589,1,Lost
14651,67,9,2025.52,225.0578,631,4,Loyal
14652,77,1,114.18,114.18,77,1,Lost
14653,1,11,3404.8,309.5273,737,2,Champions
14654,738,1,246.86,246.86,738,1,Lost
14655,8,7,3878.51,554.0729,596,4,Loyal
14656,169,5,790.0,158.0,603,0,At Risk
14657,17,6,1450.19,241.6983,435,4,Loyal
14658,5,2,247.15,123.575,117,3,New
14659,8,9,2529.93,281.1033,315,4,Loyal
14660,86,2,285.74,142.87,100,3,New
14661,26,1,107.95,107.95,26,3,New
14662,28,7,1376.43,196.6329,736,4,Loyal
14663,430,2,490.6,245.3,430,1,Lost
14664,19,2,636.24,318.12,33,3,New
14665,60,7,2749.65,392.8071,592,4,Loyal
14666,24,1,179.95,179.95,24,3,New
14667,10,54,20359.59,377.0294,737,2,Champions
14668,445,1,111.63,111.63,445,1,Lost
14669,241,7,3216.78,459.54,737,0,At Risk
14670,280,3,583.33,194.4433,732,0,At Risk
14671,549,2,1127.45,563.725,568,0,At Risk
14672,234,4,1113.14,278.285,680,0,At Risk
14673,3,7,3037.32,433.9029,409,4,Loyal
14674,509,1,173.66,173.66,509,1,Lost
14675,16,2,1015.58,507.79,388,3,New
14676,31,12,8356.79,696.3992,639,4,Loyal
14677,592,1,184.91,184.91,592,1,Lost
14678,579,1,403.39,403.39,579,1,Lost
14679,381,3,1289.44,429.8133,731,0,At Risk
14680,25,58,55688.5,960.1466,735,2,Champions
14681,71,6,875.15,145.8583,653,0,At Risk
14682,187,6,1514.81,252.4683,672,0,At Risk
14683,588,1,146.56,146.56,588,1,Lost
14684,25,6,1430.03,238.3383,390,4,Loyal
14685,576,8,4536.64,567.08,726,0,At Risk
14686,414,5,852.53,170.506,659,0,At Risk
14687,106,3,1402.06,467.3533,551,0,At Risk
14688,7,28,7190.42,256.8007,456,2,Champions
14689,208,1,112.8,112.8,208,1,Lost
14690,44,4,777.68,194.42,410,3,New
14691,30,5,2114.33,422.866,212,4,Loyal
14692,137,12,1715.14,142.9283,617,4,Loyal
14693,264,7,1165.36,166.48,525,0,At Risk
14694,617,1,244.31,244.31,617,1,Lost
14695,519,3,1534.22,511.4067,732,0,At Risk
14696,4,8,2473.28,309.16,421,4,Loyal
14697,218,2,188.61,94.305,218,1,Lost
14698,1,5,1217.27,243.454,51,3,New
14699,214,4,702.6,175.65,525,0,At Risk
14700,32,5,3076.06,615.212,485,4,Loyal
14701,10,15,4487.11,299.1407,684,4,Loyal
14702,1,29,6356.98,219.2062,729,2,Champions
14703,14,1,318.17,318.17,14,3,New
14704,19,9,1720.58,191.1756,624,4,Loyal
14705,198,1,179.0,179.0,198,1,Lost
14706,618,1,367.54,367.54,618,1,Lost
14707,435,2,139.2,69.6,576,1,Lost
14708,2,5,1793.22,358.644,455,4,Loyal
14709,15,25,8886.33,355.4532,734,2,Champions
14710,14,13,1899.79,146.1377,736,4,Loyal
14711,10,11,2839.62,258.1473,262,4,Loyal
14712,29,4,1328.07,332.0175,418,3,New
14713,9,21,5115.36,243.5886,736,2,Champions
14714,24,4,906.24,226.56,687,3,New
14715,24,8,1809.55,226.1938,689,4,Loyal
14716,43,3,543.28,181.0933,444,3,New
14717,733,1,81.3,81.3,733,1,Lost
14718,410,1,226.42,226.42,410,1,Lost
14719,1,5,1581.84,316.368,249,4,Loyal
14720,5,3,663.81,221.27,126,3,New
14721,379,1,109.07,109.07,379,1,Lost
14722,147,3,489.52,163.1733,486,0,At Risk
14723,10,11,1801.36,163.76,735,4,Loyal
14724,590,1,341.9,341.9,590,1,Lost
14725,24,4,1246.86,311.715,534,3,New
14726,654,1,116.5,116.5,654,1,Lost
14727,274,3,461.03,153.6767,546,0,At Risk
14728,413,1,190.58,190.58,413,1,Lost
14729,373,3,586.24,195.4133,625,0,At Risk
14730,1,8,1897.57,237.1962,276,4,Loyal
14731,47,3,380.02,126.6733,212,3,New
14732,8,19,5517.07,290.3721,730,2,Champions
14733,16,15,14335.15,955.6767,402,2,Champions
14734,425,4,1056.42,264.105,551,0,At Risk
14735,3,55,12225.16,222.2756,735,2,Champions
14736,485,2,374.05,187.025,485,1,Lost
14737,3,4,3554.17,888.5425,400,4,Loyal
14738,42,9,1821.9,202.4333,732,4,Loyal
14739,4,25,11573.62,462.9448,737,2,Champions
14740,197,11,4161.06,378.2782,652,4,Loyal
14741,11,7,1713.09,244.7271,417,4,Loyal
14742,435,1,579.85,579.85,435,1,Lost
14743,592,1,50.48,50.48,592,1,Lost
14744,16,14,3660.08,261.4343,570,4,Loyal
14745,112,12,2551.41,212.6175,637,4,Loyal
14746,406,4,593.5,148.375,423,0,At Risk
14747,249,1,328.2,328.2,249,1,Lost
14748,29,10,2681.9,268.19,645,4,Loyal
14749,479,1,310.15,310.15,479,1,Lost
14750,736,1,112.03,112.03,736,1,Lost
14751,684,2,126.45,63.225,726,1,Lost
14752,43,1,389.64,389.64,43,3,New
14753,87,2,869.51,434.755,460,0,At Risk
14754,44,6,1547.93,257.9883,690,4,Loyal
14755,9,25,9972.55,398.902,736,2,Champions
14756,15,3,2603.76,867.92,424,4,Loyal
14757,75,1,420.5,420.5,75,3,New
14758,144,7,2864.97,409.2814,610,4,Loyal
14759,4,3,1625.97,541.99,232,3,New
14760,297,1,89.2,89.2,297,1,Lost
14761,58,3,447.92,149.3067,444,3,New
14762,263,2,417.57,208.785,626,1,Lost
14764,46,1,278.3,278.3,46,3,New
14765,29,3,254.11,84.7033,176,3,New
14766,8,11,6375.73,579.6118,551,4,Loyal
14767,474,1,382.81,382.81,474,1,Lost
14768,17,2,192.6,96.3,127,3,New
14769,2,17,15512.46,912.4976,723,2,Champions
14770,232,8,3637.64,454.705,652,0,At Risk
14771,621,2,594.62,297.31,736,1,Lost
14772,112,1,139.26,139.26,112,1,Lost
14773,592,1,140.55,140.55,592,1,Lost
14774,528,1,241.45,241.45,528,1,Lost
14775,58,3,1011.9,337.3,372,3,New
14776,51,15,3708.3,247.22,446,4,Loyal
14777,403,1,307.56,307.56,403,1,Lost
14778,127,2,730.86,365.43,308,0,At Risk
14779,280,3,386.15,128.7167,323,0,At Risk
14780,54,2,447.68,223.84,79,3,New
14782,319,1,200.1,200.1,319,1,Lost
14783,659,1,307.3,307.3,659,1,Lost
14784,26,3,449.93,149.9767,389,3,New
14785,10,2,77.4,38.7,15,3,New
14786,550,1,90.96,90.96,550,1,Lost
14787,471,1,110.65,110.65,471,1,Lost
14788,7,3,1156.32,385.44,596,3,New
14789,28,1,197.64,197.64,28,3,New
14790,16,10,2526.62,252.662,728,4,Loyal
14791,606,1,303.63,303.63,606,1,Lost
14792,63,1,6.2,6.2,63,1,Lost
14793,21,2,625.9,312.95,535,3,New
14794,2,10,1953.9,195.39,487,4,Loyal
14795,166,1,131.45,131.45,166,1,Lost
14796,1,27,10167.77,376.5841,725,2,Champions
14797,507,1,300.31,300.31,507,1,Lost
14798,52,8,724.31,90.5387,648,4,Loyal
14799,51,2,338.15,169.075,737,3,New
14800,47,17,7180.08,422.3576,435,4,Loyal
14801,61,1,189.34,189.34,61,1,Lost
14803,162,3,845.55,281.85,292,0,At Risk
14804,8,1,353.27,353.27,8,3,New
14805,15,7,1082.55,154.65,621,4,Loyal
14806,75,2,303.43,151.715,439,3,New
14807,390,2,504.14,252.07,649,1,Lost
14808,39,8,2718.6,339.825,172,4,Loyal
14809,621,2,686.76,343.38,621,0,At Risk
14810,40,13,2354.03,181.0792,429,4,Loyal
14811,387,1,170.5,170.5,387,1,Lost
14812,598,1,178.85,178.85,598,1,Lost
14813,369,4,888.91,222.2275,610,0,At Risk
14814,581,1,152.96,152.96,581,1,Lost
14815,36,2,778.5,389.25,67,3,New
14816,197,1,271.85,271.85,197,1,Lost
14817,200,7,3609.86,515.6943,627,0,At Risk
14818,73,6,1153.56,192.26,647,0,At Risk
14819,64,4,456.41,114.1025,718,3,New
14820,21,9,1274.76,141.64,677,4,Loyal
14821,366,7,1230.15,175.7357,676,0,At Risk
14822,485,1,157.7,157.7,485,1,Lost
14823,180,3,321.43,107.1433,194,1,Lost
14824,10,10,4022.91,402.291,637,4,Loyal
14825,3,24,4735.08,197.295,612,2,Champions
14826,581,2,385.2,192.6,695,1,Lost
14828,196,13,9839.46,756.8815,732,4,Loyal
14829,29,7,1455.87,207.9814,436,4,Loyal
14830,53,1,188.03,188.03,53,3,New
14831,680,3,1676.57,558.8567,737,0,At Risk
14833,498,1,94.8,94.8,498,1,Lost
14834,17,7,2206.16,315.1657,407,4,Loyal
14835,528,2,297.0,148.5,617,1,Lost
14836,10,3,102.45,34.15,30,3,New
14837,89,9,3460.32,384.48,684,4,Loyal
14838,423,2,769.92,384.96,736,0,At Risk
14839,418,3,915.28,305.0933,704,0,At Risk
14840,267,2,362.71,181.355,539,1,Lost
14841,53,14,7163.0,511.6429,737,4,Loyal
14842,43,4,2824.69,706.1725,308,4,Loyal
14843,436,1,211.8,211.8,436,1,Lost
14844,63,10,6702.43,670.243,606,4,Loyal
14845,599,1,150.0,150.0,599,1,Lost
14846,427,1,437.4,437.4,427,1,Lost
14847,148,3,1348.95,449.65,564,0,At Risk
14848,404,1,310.56,310.56,404,1,Lost
14849,21,43,15407.61,358.3165,698,2,Champions
14850,311,7,1770.96,252.9943,568,0,At Risk
14851,23,3,829.41,276.47,630,3,New
14852,58,18,6132.43,340.6906,644,4,Loyal
14853,24,5,1376.87,275.374,605,4,Loyal
14854,78,11,4303.06,391.1873,686,4,Loyal
14855,119,7,6520.3,931.4714,610,4,Loyal
14856,36,3,1290.53,430.1767,56,3,New
14857,59,7,3651.851,521.693,634,4,Loyal
14858,505,1,180.75,180.75,505,1,Lost
14859,12,5,1705.64,341.128,554,4,Loyal
14860,19,1,170.32,170.32,19,3,New
14861,52,10,1380.73,138.073,731,4,Loyal
14862,25,2,841.2,420.6,148,3,New
14863,29,1,266.76,266.76,29,3,New
14865,7,4,92.52,23.13,738,3,New
14866,10,17,20700.04,1217.6494,444,2,Champions
14867,185,16,2952.06,184.5038,734,4,Loyal
14868,3,12,4184.01,348.6675,420,2,Champions
14869,8,6,2778.14,463.0233,723,4,Loyal
14870,261,6,1838.95,306.4917,683,0,At Risk
14871,3,9,1228.17,136.4633,738,4,Loyal
14872,483,3,816.6,272.2,633,0,At Risk
14873,210,2,854.13,427.065,633,0,At Risk
14874,535,1,116.18,116.18,535,1,Lost
14875,107,3,2862.4,954.1333,441,0,At Risk
14876,521,2,256.7,128.35,561,1,Lost
14877,418,2,425.85,212.925,642,1,Lost
14878,12,25,4076.5,163.06,656,2,Champions
14879,684,1,185.06,185.06,684,1,Lost
14880,77,3,690.59,230.1967,288,0,At Risk
14881,19,1,255.4,255.4,19,3,New
14882,26,14,3546.65,253.3321,619,4,Loyal
14883,18,6,761.59,126.9317,211,3,New
14884,669,1,120.6,120.6,669,1,Lost
14885,131,3,1598.12,532.7067,465,0,At Risk
14886,252,1,364.8,364.8,252,1,Lost
14887,79,1,1862.0,1862.0,79,0,At Risk
14888,207,1,369.2,369.2,207,1,Lost
14889,336,1,135.9,135.9,336,1,Lost
14890,253,3,817.25,272.4167,659,0,At Risk
14891,148,4,1106.73,276.6825,436,0,At Risk
14892,690,1,202.35,202.35,690,1,Lost
14893,9,3,1809.61,603.2033,617,3,New
14894,85,3,1492.81,497.6033,737,0,At Risk
14895,7,38,25119.54,661.0405,729,2,Champions
14896,204,8,1826.0,228.25,733,0,At Risk
14897,7,8,3140.54,392.5675,724,4,Loyal
14898,23,14,3365.95,240.425,736,4,Loyal
14899,395,1,1331.38,1331.38,395,0,At Risk
14900,522,1,13.92,13.92,522,1,Lost
14901,11,12,1919.0,159.9167,498,4,Loyal
14902,25,3,1035.62,345.2067,553,3,New
14903,21,5,2795.33,559.066,278,4,Loyal
14904,2,4,1630.49,407.6225,427,3,New
14905,157,8,1971.39,246.4238,736,0,At Risk
14907,3,16,5547.72,346.7325,602,2,Champions
14908,74,2,381.9,190.95,463,3,New
14909,437,3,1404.68,468.2267,663,0,At Risk
14910,2,4,434.35,108.5875,54,3,New
14911,1,373,272252.79,729.9002,738,2,Champions
14912,16,5,1849.58,369.916,590,4,Loyal
14913,35,8,4073.13,509.1412,485,4,Loyal
14915,91,11,1811.25,164.6591,736,4,Loyal
14916,70,8,3042.95,380.3688,617,4,Loyal
14917,596,2,1123.75,561.875,596,0,At Risk
14918,115,9,5955.81,661.7567,610,4,Loyal
14919,539,1,359.35,359.35,539,1,Lost
14920,212,3,1607.17,535.7233,565,0,At Risk
14921,30,2,1316.07,658.035,201,3,New
14922,393,2,843.74,421.87,507,0,At Risk
14923,50,1,749.1,749.1,50,3,New
14924,245,3,931.01,310.3367,639,0,At Risk
14926,381,2,359.4,179.7,598,1,Lost
14927,396,1,308.2,308.2,396,1,Lost
14928,627,1,223.91,223.91,627,1,Lost
14929,32,2,836.69,418.345,421,3,New
14930,108,6,5236.73,872.7883,606,4,Loyal
14931,4,4,864.68,216.17,240,3,New
14932,365,2,566.13,283.065,385,0,At Risk
14933,443,4,1770.0,442.5,444,0,At Risk
14934,81,5,3403.5,680.7,441,4,Loyal
14935,297,2,2849.83,1424.915,619,0,At Risk
14936,33,12,12410.81,1034.2342,583,4,Loyal
14937,56,3,1621.88,540.6267,130,0,At Risk
14938,562,2,2322.43,1161.215,562,0,At Risk
14940,417,2,531.49,265.745,733,1,Lost
14941,578,1,182.1,182.1,578,1,Lost
14942,401,4,746.56,186.64,729,0,At Risk
14943,663,1,107.62,107.62,663,1,Lost
14944,29,19,9684.67,509.7195,660,2,Champions
14945,413,1,179.4,179.4,413,1,Lost
14946,14,1,100.9,100.9,14,3,New
14947,72,6,1049.79,174.965,624,0,At Risk
14948,23,6,1101.97,183.6617,219,4,Loyal
14949,469,4,515.0,128.75,721,0,At Risk
14950,19,1,371.2,371.2,19,3,New
14951,79,1,311.69,311.69,79,1,Lost
14952,59,32,17629.35,550.9172,736,2,Champions
14953,25,4,968.82,242.205,435,3,New
14954,12,2,462.12,231.06,703,3,New
14955,732,1,163.77,163.77,732,1,Lost
14956,421,1,1325.0,1325.0,421,0,At Risk
14957,253,2,261.69,130.845,644,1,Lost
14958,147,6,941.99,156.9983,736,0,At Risk
14959,64,4,695.42,173.855,296,3,New
14960,8,2,221.27,110.635,171,3,New
14961,10,22,16410.15,745.9159,735,2,Champions
14962,270,4,366.91,91.7275,584,0,At Risk
14963,9,12,3123.57,260.2975,525,4,Loyal
14964,247,1,206.21,206.21,247,1,Lost
14965,96,2,596.09,298.045,96,0,At Risk
14966,14,6,1064.26,177.3767,724,4,Loyal
14967,49,6,1982.61,330.435,736,4,Loyal
14968,30,2,497.49,248.745,458,3,New
14969,703,1,906.23,906.23,703,1,Lost
14970,68,12,4919.35,409.9458,663,4,Loyal
14971,35,3,1097.98,365.9933,43,3,New
14972,128,2,145.07,72.535,381,1,Lost
14973,107,3,1314.45,438.15,225,0,At Risk
14974,37,1,89.94,89.94,37,3,New
14975,57,2,472.39,236.195,421,3,New
14976,57,6,774.86,129.1433,326,0,At Risk
14977,725,1,31.93,31.93,725,1,Lost
14978,72,10,3112.19,311.219,590,4,Loyal
14979,735,1,429.66,429.66,735,1,Lost
14980,737,1,150.68,150.68,737,1,Lost
14981,246,2,372.92,186.46,423,1,Lost
14982,572,1,234.88,234.88,572,1,Lost
14983,689,1,183.2,183.2,689,1,Lost
14984,19,6,1260.51,210.085,697,4,Loyal
14985,198,2,292.01,146.005,358,1,Lost
14986,376,2,563.1,281.55,684,0,At Risk
14987,15,8,1550.65,193.8312,737,4,Loyal
14988,211,7,2038.65,291.2357,602,0,At Risk
14989,661,1,342.4,342.4,661,1,Lost
14990,612,2,304.17,152.085,730,1,Lost
14991,430,1,314.67,314.67,430,1,Lost
14992,442,1,210.5,210.5,442,1,Lost
14993,563,1,36.13,36.13,563,1,Lost
14994,382,5,942.77,188.554,623,0,At Risk
14995,38,2,231.98,115.99,280,3,New
14996,481,2,442.29,221.145,481,1,Lost
14997,46,4,776.6,194.15,655,3,New
14998,170,4,753.18,188.295,605,0,At Risk
14999,592,1,129.48,129.48,592,1,Lost
15000,47,1,490.52,490.52,47,3,New
15001,394,2,197.11,98.555,394,1,Lost
15002,115,9,4138.08,459.7867,696,4,Loyal
15003,473,6,1027.03,171.1717,682,0,At Risk
15004,147,1,1220.38,1220.38,147,0,At Risk
15005,15,56,13752.58,245.5818,738,2,Champions
15006,51,2,752.83,376.415,453,3,New
15007,159,1,156.91,156.91,159,1,Lost
15008,480,2,360.0,180.0,637,1,Lost
15009,12,3,1259.43,419.81,25,3,New
15010,35,1,308.94,308.94,35,3,New
15011,395,2,416.6,208.3,416,1,Lost
15012,53,3,646.26,215.42,576,3,New
15013,487,10,1610.82,161.082,677,0,At Risk
15014,43,2,257.67,128.835,176,3,New
15015,501,13,2344.47,180.3438,725,0,At Risk
15016,172,5,620.89,124.178,543,0,At Risk
15017,33,1,125.58,125.58,33,3,New
15018,38,3,496.21,165.4033,367,3,New
15019,266,1,252.81,252.81,266,1,Lost
15020,379,1,198.47,198.47,379,1,Lost
15021,8,12,2500.59,208.3825,498,4,Loyal
15022,11,5,1133.44,226.688,677,3,New
15023,3,20,11555.5,577.775,674,2,Champions
15024,9,16,3559.39,222.4619,424,4,Loyal
15025,33,2,971.84,485.92,568,3,New
15026,80,5,1044.09,208.818,448,0,At Risk
15027,30,10,3195.6,319.56,624,4,Loyal
15028,8,6,962.94,160.49,394,3,New
15029,619,1,365.1,365.1,619,1,Lost
15030,71,8,1979.91,247.4888,645,4,Loyal
15031,4,14,3102.94,221.6386,731,2,Champions
15032,256,8,11010.05,1376.2562,729,4,Loyal
15033,4,10,2553.88,255.388,329,4,Loyal
15034,15,14,8231.2,587.9429,577,2,Champions
15035,89,1,252.73,252.73,89,1,Lost
15036,72,3,429.56,143.1867,179,3,New
15037,376,2,397.76,198.88,376,1,Lost
15038,58,9,1146.53,127.3922,425,4,Loyal
15039,9,93,39141.48,420.8761,729,2,Champions
15040,541,1,7.49,7.49,541,1,Lost
15041,170,2,288.98,144.49,444,1,Lost
15042,199,2,315.45,157.725,595,1,Lost
15043,31,6,2855.32,475.8867,533,4,Loyal
15044,19,32,15769.01,492.7816,723,2,Champions
15045,151,2,735.66,367.83,257,0,At Risk
15046,9,25,7604.84,304.1936,694,2,Champions
15047,269,1,343.62,343.62,269,1,Lost
15048,65,4,381.0,95.25,368,3,New
15049,273,1,121.17,121.17,273,1,Lost
15050,25,5,4087.19,817.438,480,4,Loyal
15051,23,9,3926.91,436.3233,738,4,Loyal
15052,319,1,207.73,207.73,319,1,Lost
15053,4,3,693.95,231.3167,281,3,New
15054,12,2,302.1,151.05,40,3,New
15055,474,3,549.12,183.04,723,0,At Risk
15056,520,1,113.65,113.65,520,1,Lost
15057,275,5,3255.96,651.192,734,0,At Risk
15058,25,16,3387.58,211.7238,653,4,Loyal
15059,40,19,3490.4,183.7053,733,4,Loyal
15060,8,4,293.0,73.25,9,3,New
15061,3,127,126387.57,995.1777,738,2,Champions
15062,71,8,2585.62,323.2025,610,4,Loyal
15063,213,1,370.8,370.8,213,1,Lost
15064,410,4,1154.41,288.6025,717,0,At Risk
15065,37,5,3326.86,665.372,410,4,Loyal
15066,53,1,893.59,893.59,53,3,New
15067,78,5,3862.88,772.576,607,4,Loyal
15068,46,4,1174.9,293.725,621,3,New
15069,179,1,1109.53,1109.53,179,0,At Risk
15070,372,3,737.05,245.6833,724,0,At Risk
15071,93,4,1455.56,363.89,570,0,At Risk
15072,479,1,187.52,187.52,479,1,Lost
15073,9,8,2788.02,348.5025,681,4,Loyal
15074,105,3,1553.13,517.71,467,0,At Risk
15075,77,1,773.03,773.03,77,3,New
15076,172,3,1447.74,482.58,522,0,At Risk
15077,494,2,2428.08,1214.04,730,0,At Risk
15078,7,52,17276.73,332.2448,735,2,Champions
15079,212,11,3625.4,329.5818,731,4,Loyal
15080,427,2,546.25,273.125,501,1,Lost
15081,22,12,1854.57,154.5475,535,4,Loyal
15082,668,1,93.35,93.35,668,1,Lost
15083,256,1,88.2,88.2,256,1,Lost
15084,379,2,965.2,482.6,645,0,At Risk
15085,729,1,347.54,347.54,729,1,Lost
15086,564,2,218.53,109.265,625,1,Lost
15087,281,1,306.94,306.94,281,1,Lost
15088,21,2,1160.07,580.035,67,3,New
15089,10,6,2420.84,403.4733,128,4,Loyal
15090,308,1,381.32,381.32,308,1,Lost
15091,67,3,1046.61,348.87,674,0,At Risk
15092,215,3,776.46,258.82,462,0,At Risk
15093,18,23,13702.38,595.7557,731,2,Champions
15094,463,2,83.0,41.5,644,1,Lost
15095,103,10,3141.64,314.164,687,4,Loyal
15096,42,1,219.39,219.39,42,3,New
15097,4,3,908.35,302.7833,583,3,New
15098,182,3,39916.5,13305.5,182,4,Loyal
15099,84,1,410.48,410.48,84,1,Lost
15100,333,7,2193.9,313.4143,701,0,At Risk
15101,8,6,1477.94,246.3233,590,4,Loyal
15102,530,2,554.67,277.335,546,1,Lost
15103,31,2,703.36,351.68,86,3,New
15104,196,2,993.54,496.77,282,0,At Risk
15105,18,9,3094.91,343.8789,626,4,Loyal
15106,17,5,1422.52,284.504,269,4,Loyal
15107,311,9,824.35,91.5944,451,0,At Risk
15108,141,3,1159.25,386.4167,227,0,At Risk
15109,245,3,983.1,327.7,735,0,At Risk
15110,23,6,1505.85,250.975,485,4,Loyal
15111,29,5,2442.37,488.474,592,4,Loyal
15112,611,1,209.4,209.4,611,1,Lost
15113,9,3,3509.04,1169.68,54,4,Loyal
15114,30,12,3400.12,283.3433,421,4,Loyal
15115,18,2,531.85,265.925,732,3,New
15116,17,4,1352.75,338.1875,204,3,New
15117,14,8,2485.97,310.7463,634,4,Loyal
15118,134,1,244.8,244.8,134,1,Lost
15119,245,1,266.4,266.4,245,1,Lost
15120,133,1,358.82,358.82,133,1,Lost
15121,50,2,457.72,228.86,288,3,New
15122,114,11,4487.27,407.9336,619,4,Loyal
15123,7,5,4656.17,931.234,633,4,Loyal
15124,22,4,450.82,112.705,651,3,New
15125,25,24,17024.87,709.3696,618,2,Champions
15126,536,2,449.49,224.745,687,1,Lost
15127,65,2,711.5,355.75,519,3,New
15128,60,5,1783.68,356.736,430,4,Loyal
15129,50,23,6860.18,298.2687,610,2,Champions
15130,169,1,330.11,330.11,169,1,Lost
15131,394,1,80.28,80.28,394,1,Lost
15132,18,5,977.93,195.586,262,3,New
15133,127,5,1806.9,361.38,520,0,At Risk
15134,14,10,1596.29,159.629,422,4,Loyal
15135,239,2,305.68,152.84,556,1,Lost
15136,2,4,1286.7,321.675,96,3,New
15137,520,2,823.4,411.7,680,0,At Risk
15138,393,1,502.52,502.52,393,1,Lost
15139,239,2,178.96,89.48,336,1,Lost
15140,52,8,3243.69,405.4612,442,4,Loyal
15141,457,7,1388.47,198.3529,621,0,At Risk
15142,46,6,2619.92,436.6533,500,4,Loyal
15143,225,2,563.63,281.815,432,0,At Risk
15144,8,29,12160.31,419.321,726,2,Champions
15145,4,4,1194.73,298.6825,248,3,New
15146,164,2,1327.16,663.58,291,0,At Risk
15147,240,1,623.5,623.5,240,1,Lost
15148,10,1,301.29,301.29,10,3,New
15149,133,4,1524.61,381.1525,649,0,At Risk
15150,17,13,8977.94,690.6108,543,4,Loyal
15151,423,2,2085.61,1042.805,509,0,At Risk
15152,9,14,5263.83,375.9879,701,2,Champions
15153,31,1,329.25,329.25,31,3,New
15154,75,3,1343.72,447.9067,478,0,At Risk
15155,383,1,383.97,383.97,383,1,Lost
15156,1,3,961.49,320.4967,33,3,New
15157,3,5,2654.11,530.822,729,4,Loyal
15158,45,2,606.02,303.01,401,3,New
15159,1,34,22116.73,650.4921,431,2,Champions
15160,357,4,589.27,147.3175,421,0,At Risk
15161,388,1,119.92,119.92,388,1,Lost
15162,731,1,312.9,312.9,731,1,Lost
15163,18,2,304.47,152.235,192,3,New
15164,68,9,2028.11,225.3456,690,4,Loyal
15165,373,1,487.75,487.75,373,1,Lost
15166,467,1,167.16,167.16,467,1,Lost
15167,320,5,1627.62,325.524,673,0,At Risk
15168,25,1,106.56,106.56,25,3,New
15169,382,2,569.22,284.61,726,0,At Risk
15170,406,1,81.15,81.15,406,1,Lost
15171,331,1,1289.5,1289.5,331,0,At Risk
15172,8,5,1624.05,324.81,236,4,Loyal
15173,380,7,1494.6,213.5143,617,0,At Risk
15174,322,2,481.46,240.73,410,1,Lost
15175,71,1,224.14,224.14,71,1,Lost
15176,667,1,988.04,988.04,667,1,Lost
15177,425,1,948.93,948.93,425,0,At Risk
15178,260,1,40.5,40.5,260,1,Lost
15179,18,13,7491.92,576.3015,736,4,Loyal
15180,367,3,816.93,272.31,589,0,At Risk
15181,66,5,1200.2,240.04,731,0,At Risk
15182,154,11,2998.952,272.632,656,4,Loyal
15183,547,3,639.93,213.31,584,0,At Risk
15184,29,4,685.39,171.3475,723,3,New
15185,70,1,310.62,310.62,70,3,New
15186,14,5,1403.2,280.64,696,4,Loyal
15187,1,15,4762.18,317.4787,212,2,Champions
15188,725,1,310.43,310.43,725,1,Lost
15189,1,46,17524.38,380.9648,509,2,Champions
15190,434,1,834.44,834.44,434,1,Lost
15191,463,3,588.05,196.0167,688,0,At Risk
15192,119,5,1666.39,333.278,679,0,At Risk
15193,60,1,499.32,499.32,60,3,New
15194,3,28,12021.53,429.3404,736,2,Champions
15195,2,1,3861.0,3861.0,2,3,New
15196,432,2,313.7,156.85,726,1,Lost
15197,10,6,1877.51,312.9183,728,4,Loyal
15198,92,5,571.35,114.27,689,0,At Risk
15199,59,10,3122.4,312.24,575,4,Loyal
15200,494,1,549.05,549.05,494,1,Lost
15201,87,7,1842.95,263.2786,611,4,Loyal
15203,25,15,4400.18,293.3453,731,4,Loyal
15204,357,1,316.58,316.58,357,1,Lost
15205,85,2,653.24,326.62,127,3,New
15206,10,4,420.3,105.075,275,3,New
15207,416,3,683.92,227.9733,547,0,At Risk
15208,1,6,970.52,161.7533,423,3,New
15209,730,1,178.98,178.98,730,1,Lost
15210,225,3,1176.19,392.0633,575,0,At Risk
15211,60,2,894.41,447.205,365,3,New
15212,241,2,208.28,104.14,376,1,Lost
15213,318,2,328.35,164.175,329,1,Lost
15214,1,8,1661.44,207.68,242,4,Loyal
15215,46,7,2422.43,346.0614,612,4,Loyal
15216,87,2,486.09,243.045,618,3,New
15217,563,1,426.24,426.24,563,1,Lost
15218,10,22,11453.83,520.6286,682,2,Champions
15219,176,2,685.45,342.725,648,0,At Risk
15220,51,6,1778.96,296.4933,280,4,Loyal
15221,366,4,2062.2,515.55,637,0,At Risk
15222,318,11,3550.91,322.81,723,0,At Risk
15223,225,5,1417.95,283.59,734,0,At Risk
15224,358,5,871.36,174.272,693,0,At Risk
15225,234,1,409.4,409.4,234,1,Lost
15226,310,1,154.41,154.41,310,1,Lost
15227,36,9,2488.49,276.4989,633,4,Loyal
15228,66,6,5580.27,930.045,499,4,Loyal
15229,586,1,160.5,160.5,586,1,Lost
15230,239,2,429.6,214.8,240,1,Lost
15231,621,1,250.26,250.26,621,1,Lost
15232,113,2,612.06,306.03,140,0,At Risk
15233,401,1,59.4,59.4,401,1,Lost
15234,276,1,197.0,197.0,276,1,Lost
15235,217,16,2772.76,173.2975,388,4,Loyal
15236,298,1,321.05,321.05,298,1,Lost
15237,1,4,1412.32,353.08,227,3,New
15238,29,3,1071.99,357.33,184,3,New
15239,10,2,780.59,390.295,78,3,New
15240,44,12,4459.98,371.665,734,4,Loyal
15241,66,11,3050.16,277.2873,654,4,Loyal
15242,422,1,302.04,302.04,422,1,Lost
15243,74,2,927.28,463.64,435,3,New
15244,65,3,912.08,304.0267,666,3,New
15245,134,8,4610.84,576.355,595,4,Loyal
15246,238,3,780.4,260.1333,555,0,At Risk
15247,122,3,976.06,325.3533,537,0,At Risk
15248,411,3,1893.93,631.31,534,0,At Risk
15249,31,18,9266.0,514.7778,623,2,Champions
15250,640,1,60.0,60.0,640,1,Lost
15251,9,21,20324.54,967.8352,679,2,Champions
15252,36,5,2103.41,420.682,611,4,Loyal
15253,16,8,2055.09,256.8862,586,4,Loyal
15254,127,3,1088.35,362.7833,560,0,At Risk
15255,66,9,3706.02,411.78,736,4,Loyal
15256,148,2,170.4,85.2,561,1,Lost
15257,283,2,685.9,342.95,414,0,At Risk
15258,168,2,623.16,311.58,217,0,At Risk
15259,512,4,1182.38,295.595,682,0,At Risk
15260,100,25,8767.73,350.7092,733,4,Loyal
15261,135,4,1508.0,377.0,434,0,At Risk
15262,323,3,418.82,139.6067,488,0,At Risk
15263,106,1,156.51,156.51,106,1,Lost
15264,64,2,848.4,424.2,530,3,New
15265,151,4,3345.64,836.41,738,0,At Risk
15266,338,5,852.21,170.442,701,0,At Risk
15267,22,5,1717.36,343.472,182,4,Loyal
15268,478,3,961.9,320.6333,605,0,At Risk
15269,23,3,1225.36,408.4533,390,3,New
15270,15,21,8524.86,405.9457,722,2,Champions
15271,7,24,4528.54,188.6892,491,2,Champions
15272,57,6,2030.95,338.4917,663,4,Loyal
15273,599,1,228.96,228.96,599,1,Lost
15274,4,2,716.57,358.285,18,3,New
15275,37,1,615.14,615.14,37,3,New
15276,66,4,619.8,154.95,434,3,New
15277,46,2,476.34,238.17,425,3,New
15278,561,4,496.16,124.04,665,0,At Risk
15279,354,5,1580.54,316.108,675,0,At Risk
15280,172,3,397.52,132.5067,571,0,At Risk
15281,58,16,8543.57,533.9731,427,4,Loyal
15282,570,1,348.59,348.59,570,1,Lost
15283,390,3,148.33,49.4433,518,1,Lost
15284,500,1,24.75,24.75,500,1,Lost
15285,407,1,94.92,94.92,407,1,Lost
15286,49,1,240.55,240.55,49,3,New
15287,22,5,856.03,171.206,737,3,New
15288,43,10,3706.53,370.653,665,4,Loyal
15289,29,5,1593.09,318.618,621,4,Loyal
15290,4,26,10496.28,403.7031,653,2,Champions
15291,25,39,13472.76,345.4554,736,2,Champions
15292,201,1,178.39,178.39,201,1,Lost
15293,665,1,247.5,247.5,665,1,Lost
15294,410,1,233.35,233.35,410,1,Lost
15295,654,1,207.04,207.04,654,1,Lost
15296,50,12,10323.03,860.2525,687,4,Loyal
15297,10,3,641.94,213.98,63,3,New
15298,2,23,9061.77,393.99,731,2,Champions
15299,67,9,5556.53,617.3922,696,4,Loyal
15300,64,1,496.44,496.44,64,3,New
15301,50,17,6909.67,406.4512,450,4,Loyal
15302,730,1,308.0,308.0,730,1,Lost
15303,290,3,1224.18,408.06,683,0,At Risk
15304,60,9,796.4,88.4889,421,4,Loyal
15305,555,1,93.6,93.6,555,1,Lost
15306,64,9,3484.73,387.1922,659,4,Loyal
15307,95,1,205.3,205.3,95,1,Lost
15308,274,1,310.47,310.47,274,1,Lost
15309,610,4,797.96,199.49,735,0,At Risk
15310,478,1,1634.64,1634.64,478,0,At Risk
15311,0,207,114671.42,553.9682,738,2,Champions
15312,75,12,2930.19,244.1825,723,4,Loyal
15313,110,1,52.0,52.0,110,1,Lost
15314,199,3,820.45,273.4833,428,0,At Risk
15315,64,2,570.5,285.25,116,3,New
15316,326,1,165.0,165.0,326,1,Lost
15317,677,1,129.75,129.75,677,1,Lost
15318,3,1,312.62,312.62,3,3,New
15319,283,1,204.5,204.5,283,1,Lost
15320,44,1,267.13,267.13,44,3,New
15321,70,12,6709.73,559.1442,674,4,Loyal
15322,85,2,1390.86,695.43,476,0,At Risk
15323,562,3,434.6,144.8667,661,0,At Risk
15324,701,1,140.22,140.22,701,1,Lost
15325,103,8,1601.46,200.1825,661,4,Loyal
15326,333,5,1700.52,340.104,738,0,At Risk
15327,52,1,208.75,208.75,52,3,New
15328,407,1,107.24,107.24,407,1,Lost
15329,39,11,2958.83,268.9845,725,4,Loyal
15330,32,2,714.96,357.48,60,3,New
15331,499,3,767.91,255.97,609,0,At Risk
15332,366,6,4892.68,815.4467,513,0,At Risk
15333,208,1,1028.56,1028.56,208,0,At Risk
15334,156,3,347.87,115.9567,173,0,At Risk
15335,53,1,170.22,170.22,53,3,New
15336,401,1,240.5,240.5,401,1,Lost
15337,411,1,373.02,373.02,411,1,Lost
15338,677,1,277.93,277.93,677,1,Lost
15339,66,7,1821.02,260.1457,669,4,Loyal
15340,561,1,105.5,105.5,561,1,Lost
15341,80,2,2402.72,1201.36,449,0,At Risk
15342,129,1,406.09,406.09,129,1,Lost
15343,87,1,364.5,364.5,87,1,Lost
15344,0,3,563.94,187.98,74,3,New
15345,45,1,393.54,393.54,45,3,New
15346,332,3,596.12,198.7067,431,0,At Risk
15347,366,4,1162.0,290.5,437,0,At Risk
15348,72,1,158.04,158.04,72,1,Lost
15349,158,2,463.91,231.955,187,1,Lost
15350,373,2,547.6,273.8,383,1,Lost
15351,12,10,3430.22,343.022,432,4,Loyal
15352,548,1,111.15,111.15,548,1,Lost
15353,254,7,2794.47,399.21,737,0,At Risk
15355,29,2,277.05,138.525,53,3,New
15356,31,13,3239.57,249.1977,422,4,Loyal
15358,4,42,16425.86,391.0919,732,2,Champions
15359,662,8,181.35,22.6688,693,0,At Risk
15360,39,1,427.93,427.93,39,3,New
15361,361,4,689.07,172.2675,543,0,At Risk
15362,448,2,613.08,306.54,738,0,At Risk
15363,372,2,678.11,339.055,492,0,At Risk
15364,95,2,913.19,456.595,254,0,At Risk
15365,25,13,4557.13,350.5485,673,4,Loyal
15366,75,7,2389.08,341.2971,651,4,Loyal
15367,57,11,5081.33,461.9391,729,4,Loyal
15368,21,2,722.74,361.37,394,3,New
15369,492,11,6251.26,568.2964,731,0,At Risk
15370,40,8,3739.01,467.3762,410,4,Loyal
15371,662,1,59.4,59.4,662,1,Lost
15372,137,8,6017.06,752.1325,663,4,Loyal
15373,8,17,3084.54,181.4435,586,2,Champions
15374,128,2,307.32,153.66,624,1,Lost
15375,690,1,60.96,60.96,690,1,Lost
15376,40,3,1221.56,407.1867,222,3,New
15377,382,4,1211.75,302.9375,415,0,At Risk
15378,462,2,246.5,123.25,501,1,Lost
15379,169,8,4877.84,609.73,400,4,Loyal
15380,8,11,3248.96,295.36,738,4,Loyal
15381,213,5,1890.57,378.114,583,0,At Risk
15382,14,12,13733.55,1144.4625,735,2,Champions
15384,169,4,2027.79,506.9475,592,0,At Risk
15385,40,3,942.08,314.0267,677,3,New
15386,186,1,394.14,394.14,186,1,Lost
15387,492,1,468.65,468.65,492,1,Lost
15388,270,1,140.54,140.54,270,1,Lost
15389,172,5,2733.8,546.76,681,0,At Risk
15390,396,2,1216.66,608.33,409,0,At Risk
15391,584,1,289.87,289.87,584,1,Lost
15392,4,7,2911.62,415.9457,431,4,Loyal
15393,16,5,891.34,178.268,724,3,New
15394,9,11,5286.8,480.6182,724,4,Loyal
15395,325,1,107.45,107.45,325,1,Lost
15396,112,2,796.38,398.19,583,0,At Risk
15397,289,1,94.0,94.0,289,1,Lost
15398,16,2,1345.53,672.765,78,3,New
15399,1,3,815.77,271.9233,79,3,New
15400,92,8,1302.3,162.7875,560,4,Loyal
15401,452,2,216.95,108.475,568,1,Lost
15402,148,6,1830.12,305.02,591,0,At Risk
15403,491,2,170.88,85.44,730,1,Lost
15404,375,1,257.06,257.06,375,1,Lost
15405,189,2,659.84,329.92,576,0,At Risk
15406,31,4,975.87,243.9675,453,3,New
15407,33,4,1046.74,261.685,305,3,New
15408,264,1,267.18,267.18,264,1,Lost
15409,721,1,131.25,131.25,721,1,Lost
15410,84,10,4685.72,468.572,599,4,Loyal
15411,26,4,1348.93,337.2325,182,3,New
15412,171,1,190.53,190.53,171,1,Lost
15413,691,5,6798.72,1359.744,738,0,At Risk
15414,9,3,774.9,258.3,242,3,New
15415,313,1,559.61,559.61,313,1,Lost
15416,64,7,4572.82,653.26,676,4,Loyal
15417,85,1,508.8,508.8,85,3,New
15418,425,2,449.42,224.71,586,1,Lost
15419,24,1,135.86,135.86,24,3,New
15420,434,6,743.0,123.8333,734,0,At Risk
15421,58,10,3805.34,380.534,732,4,Loyal
15422,323,7,1619.97,231.4243,670,0,At Risk
15423,38,3,266.89,88.9633,621,3,New
15424,254,3,597.78,199.26,463,0,At Risk
15425,400,4,1941.12,485.28,663,0,At Risk
15426,19,9,2156.35,239.5944,586,4,Loyal
15427,33,3,1430.54,476.8467,47,3,New
15428,15,4,762.75,190.6875,722,3,New
15429,26,2,397.35,198.675,75,3,New
15430,467,2,954.75,477.375,528,0,At Risk
15431,502,1,153.24,153.24,502,1,Lost
15432,23,2,320.76,160.38,541,3,New
15433,213,2,533.3,266.65,267,0,At Risk
15434,8,11,2567.06,233.3691,684,4,Loyal
15435,22,1,149.29,149.29,22,3,New
15436,12,3,1067.75,355.9167,234,3,New
15437,262,2,393.45,196.725,640,1,Lost
15438,131,1,156.58,156.58,131,1,Lost
15439,404,4,1269.05,317.2625,653,0,At Risk
15440,54,3,383.68,127.8933,208,3,New
15441,396,3,1254.21,418.07,730,0,At Risk
15442,248,1,594.0,594.0,248,1,Lost
15443,1,14,5114.23,365.3021,642,2,Champions
15444,9,2,1411.21,705.605,40,3,New
15445,264,2,284.5,142.25,590,1,Lost
15446,376,3,396.75,132.25,726,0,At Risk
15447,330,5,492.88,98.576,625,0,At Risk
15448,312,2,788.81,394.405,674,0,At Risk
15449,26,3,974.52,324.84,261,3,New
15450,30,1,429.84,429.84,30,3,New
15451,434,2,226.86,113.43,599,1,Lost
15452,29,6,1785.11,297.5183,511,4,Loyal
15453,1,7,1371.77,195.9671,187,4,Loyal
15454,362,2,303.89,151.945,618,1,Lost
15455,597,1,38.25,38.25,597,1,Lost
15456,283,10,2091.52,209.152,731,0,At Risk
15457,262,1,237.07,237.07,262,1,Lost
15458,25,2,370.44,185.22,402,3,New
15459,417,2,202.83,101.415,497,1,Lost
15460,354,1,214.26,214.26,354,1,Lost
15461,460,2,429.7,214.85,631,1,Lost
15462,94,4,737.05,184.2625,445,0,At Risk
15463,29,1,126.14,126.14,29,3,New
15464,338,1,1044.65,1044.65,338,0,At Risk
15465,19,32,12100.4,378.1375,729,2,Champions
15466,85,4,1560.46,390.115,736,0,At Risk
15467,9,3,524.88,174.96,152,3,New
15468,51,3,1430.48,476.8267,392,3,New
15469,50,3,874.25,291.4167,438,3,New
15470,575,1,63.42,63.42,575,1,Lost
15471,2,3,1292.01,430.67,550,3,New
15472,113,1,371.56,371.56,113,1,Lost
15473,14,8,2046.0,255.75,444,4,Loyal
15474,595,1,150.35,150.35,595,1,Lost
15475,77,1,454.11,454.11,77,3,New
15476,380,4,2209.98,552.495,442,0,At Risk
15477,649,1,368.4,368.4,649,1,Lost
15478,40,3,1940.98,646.9933,575,3,New
15479,733,1,147.4,147.4,733,1,Lost
15480,116,3,3592.25,1197.4167,676,0,At Risk
15481,401,1,1993.34,1993.34,401,0,At Risk
15482,15,18,14377.36,798.7422,737,2,Champions
15483,161,10,810.68,81.068,684,0,At Risk
15484,1,6,4652.1,775.35,734,4,Loyal
15485,30,7,4810.92,687.2743,738,4,Loyal
15486,527,1,102.0,102.0,527,1,Lost
15487,679,1,231.32,231.32,679,1,Lost
15488,92,5,431.92,86.384,583,0,At Risk
15489,22,8,2419.61,302.4512,693,4,Loyal
15490,430,1,210.85,210.85,430,1,Lost
15491,95,6,3100.09,516.6817,235,4,Loyal
15492,28,2,659.46,329.73,74,3,New
15493,32,9,4113.19,457.0211,654,4,Loyal
15494,21,5,3702.6,740.52,729,4,Loyal
15495,379,1,246.5,246.5,379,1,Lost
15496,631,1,146.14,146.14,631,1,Lost
15497,17,9,8657.39,961.9322,721,4,Loyal
15498,2,44,24972.86,567.565,723,2,Champions
15499,723,1,158.65,158.65,723,1,Lost
15500,8,4,1131.56,282.89,81,3,New
15501,404,2,399.95,199.975,415,1,Lost
15502,15,12,9542.92,795.2433,554,4,Loyal
15503,362,2,257.3,128.65,726,1,Lost
15504,81,4,391.45,97.8625,665,3,New
15505,52,5,3610.96,722.192,155,4,Loyal
15506,22,6,2030.33,338.3883,477,4,Loyal
15507,171,1,475.86,475.86,171,1,Lost
15508,189,6,1000.27,166.7117,235,0,At Risk
15509,380,1,152.41,152.41,380,1,Lost
15510,330,1,250.0,250.0,330,1,Lost
15511,11,5,900.53,180.106,85,3,New
15512,155,4,331.58,82.895,676,0,At Risk
15513,33,35,26437.05,755.3443,695,2,Champions
15514,12,18,6388.28,354.9044,735,2,Champions
15515,387,1,171.81,171.81,387,1,Lost
15516,44,3,62.43,20.81,46,3,New
15517,233,1,267.03,267.03,233,1,Lost
15518,64,15,4189.99,279.3327,719,4,Loyal
15519,383,2,344.61,172.305,446,1,Lost
15520,1,1,343.5,343.5,1,3,New
15521,40,16,7087.64,442.9775,703,4,Loyal
15522,32,2,397.99,198.995,87,3,New
15523,84,16,17259.19,1078.6994,737,4,Loyal
15524,24,2,591.4,295.7,606,3,New
15525,2,4,887.72,221.93,382,3,New
15526,33,2,148.44,74.22,33,3,New
15527,18,23,5554.04,241.48,724,2,Champions
15528,254,1,229.33,229.33,254,1,Lost
15529,22,12,4781.11,398.4258,394,4,Loyal
15530,21,5,1808.68,361.736,512,4,Loyal
15531,8,2,1972.39,986.195,30,3,New
15532,25,10,3717.2,371.72,549,4,Loyal
15533,19,3,807.57,269.19,89,3,New
15534,725,1,162.25,162.25,725,1,Lost
15535,173,6,1044.37,174.0617,449,0,At Risk
15536,409,1,259.09,259.09,409,1,Lost
15537,163,1,110.92,110.92,163,1,Lost
15538,537,6,3358.4,559.7333,663,0,At Risk
15539,7,1,538.46,538.46,7,3,New
15540,11,2,460.68,230.34,375,3,New
15541,114,1,85.13,85.13,114,1,Lost
15542,512,3,855.71,285.2367,737,0,At Risk
15543,288,2,242.26,121.13,459,1,Lost
15544,9,20,7807.89,390.3945,680,2,Champions
15545,54,2,288.97,144.485,371,3,New
15546,606,2,1079.1,539.55,606,0,At Risk
15547,7,26,10002.65,384.7173,733,2,Champions
15548,595,1,158.09,158.09,595,1,Lost
15549,77,8,2330.41,291.3012,697,4,Loyal
15550,4,12,2211.05,184.2542,736,4,Loyal
15551,36,7,1679.81,239.9729,550,4,Loyal
15552,217,2,252.52,126.26,623,1,Lost
15553,60,1,428.93,428.93,60,3,New
15554,277,1,217.2,217.2,277,1,Lost
15555,12,36,11233.78,312.0494,733,2,Champions
15556,24,1,279.77,279.77,24,3,New
15557,28,1,468.91,468.91,28,3,New
15558,639,1,202.68,202.68,639,1,Lost
15559,568,1,1109.4,1109.4,568,0,At Risk
15560,397,2,153.52,76.76,397,1,Lost
15561,11,8,1934.39,241.7988,663,4,Loyal
15562,351,3,671.43,223.81,726,0,At Risk
15563,22,6,2820.46,470.0767,680,4,Loyal
15564,463,2,70.74,35.37,676,1,Lost
15565,50,2,173.16,86.58,70,3,New
15566,392,2,227.87,113.935,724,1,Lost
15567,18,1,186.01,186.01,18,3,New
15568,2,3,758.29,252.7633,73,3,New
15569,103,10,3583.45,358.345,649,4,Loyal
15570,7,25,8736.49,349.4596,621,2,Champions
15571,11,14,3892.35,278.025,733,4,Loyal
15572,4,10,3965.2,396.52,604,4,Loyal
15573,31,5,1180.47,236.094,729,4,Loyal
15574,177,6,1101.44,183.5733,464,0,At Risk
15575,619,1,30.1,30.1,619,1,Lost
15576,37,1,921.37,921.37,37,3,New
15577,151,5,396.03,79.206,726,0,At Risk
15578,162,1,127.1,127.1,162,1,Lost
15579,68,5,1250.63,250.126,432,0,At Risk
15580,376,8,1375.39,171.9238,670,0,At Risk
15581,156,34,4505.16,132.5047,737,4,Loyal
15582,24,3,682.91,227.6367,220,3,New
15583,376,1,95.96,95.96,376,1,Lost
15584,23,6,1268.2,211.3667,670,4,Loyal
15585,176,1,455.3,455.3,176,1,Lost
15586,592,3,1139.1,379.7,700,0,At Risk
15587,50,7,1522.08,217.44,491,4,Loyal
15588,677,1,579.6,579.6,677,1,Lost
15589,255,3,478.53,159.51,310,0,At Risk
15590,382,5,1496.6,299.32,606,0,At Risk
15591,582,3,217.9,72.6333,673,1,Lost
15592,46,1,388.58,388.58,46,3,New
15593,70,1,199.8,199.8,70,1,Lost
15594,15,5,1771.78,354.356,234,4,Loyal
15595,487,1,357.6,357.6,487,1,Lost
15596,100,9,2727.72,303.08,499,4,Loyal
15597,35,2,563.37,281.685,575,3,New
15598,53,2,548.02,274.01,427,3,New
15599,26,3,1250.06,416.6867,445,3,New
15600,428,4,1199.31,299.8275,593,0,At Risk
15601,11,30,14191.74,473.058,738,2,Champions
15602,8,16,3137.96,196.1225,737,4,Loyal
15603,78,2,88.48,44.24,648,1,Lost
15604,52,1,216.39,216.39,52,3,New
15605,36,9,1741.95,193.55,694,4,Loyal
15606,61,17,5230.99,307.7053,647,4,Loyal
15607,336,9,1708.97,189.8856,700,0,At Risk
15608,28,5,1785.98,357.196,415,4,Loyal
15609,184,1,298.48,298.48,184,1,Lost
15610,51,1,112.46,112.46,51,1,Lost
15611,9,24,2976.28,124.0117,683,2,Champions
15612,36,2,195.15,97.575,61,3,New
15613,610,1,433.72,433.72,610,1,Lost
15614,437,4,3147.36,786.84,626,0,At Risk
15615,10,47,21373.97,454.7653,737,2,Champions
15616,438,1,317.11,317.11,438,1,Lost
15617,396,3,828.55,276.1833,507,0,At Risk
15618,32,4,776.851,194.2128,136,3,New
15619,10,1,336.4,336.4,10,3,New
15620,56,4,1942.36,485.59,409,4,Loyal
15621,4,4,1293.03,323.2575,21,3,New
15622,43,17,7852.61,461.9182,645,4,Loyal
15623,141,8,2437.05,304.6312,729,4,Loyal
15624,116,4,588.13,147.0325,256,0,At Risk
15625,103,9,3236.4,359.6,542,4,Loyal
15626,74,3,1067.52,355.84,421,0,At Risk
15627,457,2,566.9,283.45,522,1,Lost
15628,4,17,5333.08,313.7106,726,2,Champions
15629,450,4,2240.9,560.225,532,0,At Risk
15630,45,3,1481.4,493.8,644,3,New
15631,642,1,596.67,596.67,642,1,Lost
15632,15,8,3285.31,410.6638,274,4,Loyal
15633,509,13,4335.96,333.5354,731,0,At Risk
15634,17,2,554.65,277.325,383,3,New
15635,395,1,100.35,100.35,395,1,Lost
15636,89,4,1444.58,361.145,569,0,At Risk
15637,52,5,797.59,159.518,724,3,New
15638,378,6,2265.2,377.5333,610,0,At Risk
15639,134,3,1065.08,355.0267,605,0,At Risk
15640,4,29,23459.51,808.9486,725,2,Champions
15641,105,12,5345.55,445.4625,733,4,Loyal
15642,729,1,105.78,105.78,729,1,Lost
15643,191,3,664.0,221.3333,282,0,At Risk
15644,166,4,803.54,200.885,261,0,At Risk
15645,18,3,1054.75,351.5833,425,3,New
15646,157,5,784.81,156.962,410,0,At Risk
15647,415,1,169.0,169.0,415,1,Lost
15648,204,2,639.5,319.75,267,0,At Risk
15649,336,4,1660.35,415.0875,387,0,At Risk
15650,521,2,553.88,276.94,628,1,Lost
15651,36,5,1259.06,251.812,596,4,Loyal
15652,91,5,1405.94,281.188,485,0,At Risk
15653,92,2,877.44,438.72,115,0,At Risk
15654,9,2,922.53,461.265,26,3,New
15655,243,1,560.67,560.67,243,1,Lost
15656,45,4,748.5,187.125,284,3,New
15657,22,1,30.0,30.0,22,3,New
15658,190,8,2117.27,264.6588,736,0,At Risk
15659,43,3,532.49,177.4967,653,3,New
15660,25,15,2603.69,173.5793,672,4,Loyal
15661,317,8,1215.95,151.9938,578,0,At Risk
15662,661,2,283.73,141.865,738,1,Lost
15663,106,1,138.14,138.14,106,1,Lost
15664,50,4,1231.53,307.8825,649,3,New
15665,168,5,3987.07,797.414,635,0,At Risk
15666,472,2,632.94,316.47,495,0,At Risk
15667,39,1,301.32,301.32,39,3,New
15668,217,1,76.32,76.32,217,1,Lost
15669,40,4,684.34,171.085,263,3,New
15670,296,2,325.2,162.6,556,1,Lost
15671,18,7,2657.13,379.59,270,4,Loyal
15672,725,1,45.3,45.3,725,1,Lost
15673,88,9,6204.32,689.3689,655,4,Loyal
15674,73,12,6613.52,551.1267,731,4,Loyal
15675,81,4,542.04,135.51,404,0,At Risk
15676,18,3,3435.76,1145.2533,283,4,Loyal
15677,49,3,1305.63,435.21,463,3,New
15678,52,3,1825.94,608.6467,522,0,At Risk
15679,24,4,781.28,195.32,182,3,New
15680,9,10,4028.69,402.869,737,4,Loyal
15681,25,14,2989.7,213.55,564,4,Loyal
15682,599,2,318.24,159.12,687,1,Lost
15683,117,2,524.54,262.27,473,0,At Risk
15684,547,3,173.95,57.9833,735,1,Lost
15685,450,1,55.98,55.98,450,1,Lost
15686,420,1,90.0,90.0,420,1,Lost
15687,8,9,2993.1,332.5667,330,4,Loyal
15688,418,1,190.57,190.57,418,1,Lost
15689,119,3,521.03,173.6767,617,0,At Risk
15690,4,2,239.76,119.88,100,3,New
15691,252,4,571.3,142.825,733,0,At Risk
15692,28,1,191.04,191.04,28,3,New
15693,659,1,37.5,37.5,659,1,Lost
15694,0,23,9963.48,433.1948,732,2,Champions
15695,266,4,1131.04,282.76,681,0,At Risk
15696,33,13,3881.22,298.5554,684,4,Loyal
15697,689,1,246.75,246.75,689,1,Lost
15698,624,1,46.2,46.2,624,1,Lost
15699,17,1,309.65,309.65,17,3,New
15700,172,2,696.68,348.34,173,0,At Risk
15701,2,4,1529.0,382.25,110,3,New
15702,476,1,112.57,112.57,476,1,Lost
15703,264,1,211.5,211.5,264,1,Lost
15704,140,6,3734.66,622.4433,583,4,Loyal
15705,201,1,143.1,143.1,201,1,Lost
15706,63,4,1060.56,265.14,116,0,At Risk
15707,35,4,916.98,229.245,86,3,New
15708,40,9,3887.15,431.9056,425,4,Loyal
15709,283,2,327.85,163.925,589,1,Lost
15710,417,1,898.87,898.87,417,1,Lost
15711,556,2,420.25,210.125,684,1,Lost
15712,9,12,3472.41,289.3675,738,4,Loyal
15713,143,4,839.64,209.91,723,0,At Risk
15714,11,5,783.96,156.792,555,3,New
15715,555,5,658.02,131.604,619,0,At Risk
15716,145,11,2482.74,225.7036,732,4,Loyal
15717,234,5,607.0,121.4,592,0,At Risk
15718,540,1,293.79,293.79,540,1,Lost
15719,32,31,10194.32,328.849,738,2,Champions
15720,24,2,739.22,369.61,550,3,New
15721,11,1,471.4,471.4,11,3,New
15722,35,11,5234.0,475.8182,640,4,Loyal
15723,364,4,930.7,232.675,574,0,At Risk
15724,201,3,310.85,103.6167,400,1,Lost
15725,15,1,415.25,415.25,15,3,New
15726,390,1,321.91,321.91,390,1,Lost
15727,16,15,9371.71,624.7807,684,2,Champions
15728,379,2,544.6,272.3,444,1,Lost
15729,212,3,192.55,64.1833,403,1,Lost
15730,65,5,1726.58,345.316,431,4,Loyal
15731,553,1,125.3,125.3,553,1,Lost
15732,212,10,1543.97,154.397,673,0,At Risk
15733,282,1,162.3,162.3,282,1,Lost
15734,114,4,2263.3,565.825,547,0,At Risk
15735,421,1,327.68,327.68,421,1,Lost
15736,435,2,1767.12,883.56,435,0,At Risk
15737,14,8,1188.12,148.515,242,4,Loyal
15738,18,41,13043.32,318.1298,729,2,Champions
15739,66,1,449.12,449.12,66,3,New
15740,49,1,154.88,154.88,49,3,New
15741,458,2,208.62,104.31,618,1,Lost
15742,619,1,156.87,156.87,619,1,Lost
15743,16,4,775.96,193.99,184,3,New
15744,77,1,34.8,34.8,77,1,Lost
15745,19,4,1094.59,273.6475,236,3,New
15746,134,1,196.88,196.88,134,1,Lost
15747,12,9,2499.81,277.7567,690,4,Loyal
15748,40,3,609.81,203.27,449,3,New
15749,235,3,44534.3,14844.7667,332,4,Loyal
15750,2,18,6452.991,358.4995,738,2,Champions
15751,460,11,1380.44,125.4945,733,0,At Risk
15752,39,9,3924.91,436.1011,457,4,Loyal
15753,304,1,79.2,79.2,304,1,Lost
15754,51,9,3037.61,337.5122,655,4,Loyal
15755,10,17,5993.12,352.5365,735,2,Champions
15756,61,4,528.01,132.0025,249,3,New
15757,65,6,2940.36,490.06,547,4,Loyal
15758,24,1,205.25,205.25,24,3,New
15759,218,7,830.93,118.7043,737,0,At Risk
15761,442,1,143.05,143.05,442,1,Lost
15762,65,2,583.75,291.875,77,3,New
15763,31,2,1086.92,543.46,77,3,New
15764,88,8,4503.08,562.885,478,4,Loyal
15765,666,1,370.63,370.63,666,1,Lost
15766,64,3,831.06,277.02,682,3,New
15768,115,34,15308.89,450.2615,736,2,Champions
15769,7,46,88612.52,1926.3591,728,2,Champions
15770,612,1,321.45,321.45,612,1,Lost
15771,604,3,1006.54,335.5133,693,0,At Risk
15772,418,1,280.88,280.88,418,1,Lost
15773,5,2,774.52,387.26,409,3,New
15774,68,6,1287.09,214.515,656,4,Loyal
15775,245,2,150.5,75.25,631,1,Lost
15776,133,1,241.62,241.62,133,1,Lost
15777,241,7,1762.61,251.8014,568,0,At Risk
15778,431,1,307.95,307.95,431,1,Lost
15779,463,2,124.08,62.04,532,1,Lost
15780,183,3,475.28,158.4267,357,0,At Risk
15781,25,3,345.46,115.1533,305,3,New
15782,9,4,4014.1,1003.525,430,4,Loyal
15783,10,1,246.3,246.3,10,3,New
15784,467,2,848.33,424.165,672,0,At Risk
15785,32,16,5969.93,373.1206,724,4,Loyal
15786,46,5,8501.62,1700.324,536,4,Loyal
15787,26,3,933.26,311.0867,61,3,New
15788,508,1,221.83,221.83,508,1,Lost
15789,358,6,1962.01,327.0017,623,0,At Risk
15790,10,1,218.75,218.75,10,3,New
15791,43,5,3608.34,721.668,641,4,Loyal
15792,399,2,933.84,466.92,618,0,At Risk
15793,14,8,2399.57,299.9462,738,4,Loyal
15794,736,2,777.0,388.5,737,0,At Risk
15795,149,8,1979.87,247.4838,690,0,At Risk
15796,1,17,5170.63,304.1547,618,2,Champions
15797,113,5,2806.08,561.216,681,0,At Risk
15798,492,3,1535.37,511.79,681,0,At Risk
15799,75,4,1421.34,355.335,418,0,At Risk
15800,107,7,1227.07,175.2957,618,0,At Risk
15801,46,3,1063.95,354.65,109,3,New
15803,51,4,1929.66,482.415,676,4,Loyal
15804,0,13,4206.39,323.5685,198,2,Champions
15805,23,30,10148.93,338.2977,729,2,Champions
15806,46,3,784.58,261.5267,276,3,New
15807,50,5,1817.52,363.504,666,4,Loyal
15808,306,21,17180.25,818.1071,738,4,Loyal
15809,36,7,1274.44,182.0629,535,4,Loyal
15810,78,8,2999.04,374.88,673,4,Loyal
15811,22,7,3392.55,484.65,388,4,Loyal
15812,107,12,5201.47,433.4558,724,4,Loyal
15813,207,2,1303.91,651.955,239,0,At Risk
15814,16,6,2634.44,439.0733,603,4,Loyal
15815,63,5,2100.6,420.12,259,4,Loyal
15816,542,2,144.15,72.075,542,1,Lost
15817,420,3,2766.4,922.1333,543,0,At Risk
15818,588,1,340.5,340.5,588,1,Lost
15819,49,10,3934.79,393.479,631,4,Loyal
15820,319,1,206.98,206.98,319,1,Lost
15821,44,2,570.96,285.48,61,3,New
15822,3,6,1840.06,306.6767,733,4,Loyal
15823,729,2,3867.17,1933.585,731,0,At Risk
15824,453,2,890.94,445.47,532,0,At Risk
15825,172,1,532.94,532.94,172,1,Lost
15826,56,4,2598.28,649.57,568,4,Loyal
15827,73,28,3603.14,128.6836,700,4,Loyal
15828,375,1,1108.82,1108.82,375,0,At Risk
15829,99,2,636.14,318.07,140,0,At Risk
15830,37,1,576.0,576.0,37,3,New
15831,58,3,794.64,264.88,324,3,New
15832,254,1,836.79,836.79,254,1,Lost
15833,737,1,80.4,80.4,737,1,Lost
15834,70,7,3761.89,537.4129,424,4,Loyal
15835,44,4,954.09,238.5225,330,3,New
15836,50,1,137.37,137.37,50,1,Lost
15837,64,2,777.01,388.505,485,3,New
15838,11,34,73205.5,2153.1029,724,2,Champions
15839,33,3,1048.49,349.4967,148,3,New
15840,58,2,355.56,177.78,172,3,New
15841,72,9,2742.41,304.7122,729,4,Loyal
15842,393,2,548.8,274.4,527,1,Lost
15843,303,1,118.95,118.95,303,1,Lost
15844,46,1,130.74,130.74,46,3,New
15845,17,11,4426.28,402.3891,682,4,Loyal
15846,385,1,107.01,107.01,385,1,Lost
15847,38,5,822.57,164.514,641,3,New
15848,621,1,137.99,137.99,621,1,Lost
15850,19,6,1006.75,167.7917,726,4,Loyal
15851,526,1,109.73,109.73,526,1,Lost
15852,186,3,257.26,85.7533,526,1,Lost
15853,51,1,110.8,110.8,51,1,Lost
15854,4,21,5578.28,265.6324,729,2,Champions
15855,136,6,1052.72,175.4533,476,0,At Risk
15856,4,52,32274.69,620.6671,736,2,Champions
15857,18,2,570.48,285.24,430,3,New
15858,15,13,3552.41,273.2623,729,4,Loyal
15859,432,1,438.46,438.46,432,1,Lost
15860,40,17,2358.8,138.7529,733,4,Loyal
15861,12,12,4360.9,363.4083,680,4,Loyal
15862,8,13,2507.14,192.8569,722,4,Loyal
15863,25,5,355.1,71.02,722,3,New
15864,22,7,2180.76,311.5371,381,4,Loyal
15865,40,5,2241.42,448.284,703,4,Loyal
15866,101,1,211.89,211.89,101,1,Lost
15867,5,31,8869.87,286.1248,725,2,Champions
15868,583,1,94.53,94.53,583,1,Lost
15869,277,3,321.11,107.0367,626,1,Lost
15870,32,4,857.46,214.365,446,3,New
15871,437,1,33.1,33.1,437,1,Lost
15872,14,4,729.25,182.3125,550,3,New
15873,499,4,313.92,78.48,500,0,At Risk
15874,63,21,11284.76,537.3695,701,2,Champions
15875,646,1,108.52,108.52,646,1,Lost
15876,409,2,1449.14,724.57,448,0,At Risk
15877,1,2,490.33,245.165,17,3,New
15878,561,2,330.77,165.385,733,1,Lost
15879,404,4,1137.8,284.45,722,0,At Risk
15880,369,1,329.03,329.03,369,1,Lost
15881,312,5,501.39,100.278,364,0,At Risk
15882,198,8,1122.38,140.2975,729,0,At Risk
15883,2,2,396.48,198.24,33,3,New
15884,432,2,244.6,122.3,736,1,Lost
15885,93,13,1921.82,147.8323,687,4,Loyal
15886,60,4,1052.87,263.2175,598,0,At Risk
15887,406,3,1027.15,342.3833,555,0,At Risk
15888,80,3,423.49,141.1633,526,3,New
15889,156,8,1407.05,175.8812,729,0,At Risk
15890,394,5,535.65,107.13,604,0,At Risk
15891,226,1,509.13,509.13,226,1,Lost
15892,669,1,128.2,128.2,669,1,Lost
15893,481,1,305.28,305.28,481,1,Lost
15894,253,2,257.6,128.8,369,1,Lost
15895,149,1,179.17,179.17,149,1,Lost
15897,194,2,208.59,104.295,194,1,Lost
15898,1,25,4992.7,199.708,728,2,Champions
15899,368,1,56.25,56.25,368,1,Lost
15900,23,4,886.57,221.6425,562,3,New
15901,16,6,667.89,111.315,543,3,New
15902,380,1,145.01,145.01,380,1,Lost
15903,9,12,8939.84,744.9867,694,2,Champions
15904,8,1,164.68,164.68,8,3,New
15905,543,1,114.69,114.69,543,1,Lost
15906,19,10,2530.19,253.019,450,4,Loyal
15907,3,3,881.87,293.9567,210,3,New
15908,490,2,758.62,379.31,512,0,At Risk
15909,173,1,191.94,191.94,173,1,Lost
15910,0,15,2661.17,177.4113,687,2,Champions
15911,623,8,1683.79,210.4738,730,0,At Risk
15912,178,9,1074.7,119.4111,729,0,At Risk
15913,534,1,6.3,6.3,534,1,Lost
15914,378,2,205.99,102.995,378,1,Lost
15915,401,1,364.24,364.24,401,1,Lost
15916,16,13,3145.24,241.9415,729,4,Loyal
15917,247,5,530.17,106.034,737,0,At Risk
15918,190,3,582.88,194.2933,631,0,At Risk
15919,19,2,525.69,262.845,368,3,New
15920,154,8,565.19,70.6488,725,0,At Risk
15921,172,4,765.61,191.4025,640,0,At Risk
15922,373,1,369.5,369.5,373,1,Lost
15923,372,1,127.08,127.08,372,1,Lost
15924,731,1,102.82,102.82,731,1,Lost
15925,194,1,207.15,207.15,194,1,Lost
15926,542,1,134.44,134.44,542,1,Lost
15927,647,1,106.54,106.54,647,1,Lost
15928,656,1,293.53,293.53,656,1,Lost
15929,644,1,594.0,594.0,644,1,Lost
15930,67,1,426.63,426.63,67,3,New
15931,428,1,239.9,239.9,428,1,Lost
15932,4,8,2495.87,311.9838,289,4,Loyal
15933,21,3,1107.46,369.1533,86,3,New
15934,417,2,2190.66,1095.33,429,0,At Risk
15935,239,1,108.04,108.04,239,1,Lost
15936,379,2,282.79,141.395,467,1,Lost
15937,64,1,145.35,145.35,64,1,Lost
15938,112,9,734.81,81.6456,556,0,At Risk
15939,89,15,9004.84,600.3227,374,4,Loyal
15940,311,1,35.8,35.8,311,1,Lost
15941,637,1,405.0,405.0,637,1,Lost
15942,133,1,337.44,337.44,133,1,Lost
15943,649,2,271.29,135.645,677,1,Lost
15944,276,4,2164.24,541.06,726,0,At Risk
15945,365,4,646.27,161.5675,738,0,At Risk
15946,502,3,2304.18,768.06,633,0,At Risk
15947,82,1,1708.24,1708.24,82,0,At Risk
15948,8,3,1509.09,503.03,424,3,New
15949,16,2,364.72,182.36,71,3,New
15950,31,10,7120.91,712.091,682,4,Loyal
15951,8,3,1013.17,337.7233,381,3,New
15952,33,4,781.91,195.4775,225,3,New
15953,15,18,3440.34,191.13,736,4,Loyal
15954,589,1,187.8,187.8,589,1,Lost
15955,24,22,8085.98,367.5445,654,2,Champions
15956,551,2,617.6,308.8,726,0,At Risk
15957,31,3,921.25,307.0833,420,3,New
15958,74,4,462.12,115.53,550,3,New
15959,682,3,542.89,180.9633,682,0,At Risk
15960,374,4,410.95,102.7375,435,0,At Risk
15961,379,1,451.29,451.29,379,1,Lost
15962,449,1,289.48,289.48,449,1,Lost
15963,19,2,470.76,235.38,45,3,New
15964,663,1,269.21,269.21,663,1,Lost
15965,17,13,2771.94,213.2262,736,4,Loyal
15966,450,1,426.53,426.53,450,1,Lost
15967,23,12,2966.0,247.1667,738,4,Loyal
15968,388,1,401.8,401.8,388,1,Lost
15969,2,5,1127.05,225.41,522,3,New
15970,303,2,1017.32,508.66,598,0,At Risk
15971,17,18,5897.88,327.66,731,2,Champions
15972,456,5,1769.33,353.866,600,0,At Risk
15973,366,2,665.62,332.81,428,0,At Risk
15974,39,7,3442.15,491.7357,288,4,Loyal
15975,84,1,371.01,371.01,84,1,Lost
15976,165,6,1680.31,280.0517,551,0,At Risk
15977,17,2,1054.73,527.365,39,3,New
15978,77,3,3279.42,1093.14,644,0,At Risk
15979,602,1,329.22,329.22,602,1,Lost
15980,88,7,6543.68,934.8114,556,4,Loyal
15981,24,21,9362.77,445.8462,620,2,Champions
15982,605,1,324.51,324.51,605,1,Lost
15983,22,8,3110.37,388.7962,733,4,Loyal
15984,2,30,8393.02,279.7673,738,2,Champions
15985,123,7,2715.28,387.8971,561,4,Loyal
15986,30,2,354.42,177.21,381,3,New
15987,12,8,1535.99,191.9988,379,4,Loyal
15988,19,3,736.39,245.4633,656,3,New
15989,375,2,368.31,184.155,737,1,Lost
15990,44,7,1997.75,285.3929,649,4,Loyal
15991,534,1,150.55,150.55,534,1,Lost
15992,3,3,896.6,298.8667,453,3,New
15993,8,7,2768.97,395.5671,44,4,Loyal
15994,54,3,1175.68,391.8933,635,3,New
15995,414,1,694.54,694.54,414,1,Lost
15996,88,7,1386.4,198.0571,397,4,Loyal
15998,36,16,8274.14,517.1338,738,4,Loyal
15999,735,1,20.4,20.4,735,1,Lost
16000,2,3,12393.7,4131.2333,2,4,Loyal
16001,381,1,583.39,583.39,381,1,Lost
16002,625,1,169.21,169.21,625,1,Lost
16003,29,10,5613.83,561.383,736,4,Loyal
16004,474,5,2146.39,429.278,683,0,At Risk
16005,12,10,2365.07,236.507,450,4,Loyal
16006,211,2,332.82,166.41,387,1,Lost
16007,47,7,3053.06,436.1514,543,4,Loyal
16008,23,15,5339.13,355.942,630,4,Loyal
16009,22,4,972.11,243.0275,159,3,New
16010,245,11,1694.86,154.0782,411,0,At Risk
16011,8,29,5599.31,193.0797,738,2,Champions
16012,35,5,2978.59,595.718,529,4,Loyal
16013,3,84,56078.44,667.6005,731,2,Champions
16014,37,5,1100.28,220.056,677,4,Loyal
16015,3,3,704.26,234.7533,49,3,New
16016,3,11,2083.4,189.4,402,4,Loyal
16017,47,5,1545.58,309.116,703,4,Loyal
16018,39,4,698.13,174.5325,732,3,New
16019,46,27,17329.16,641.8207,725,2,Champions
16020,16,3,851.01,283.67,65,3,New
16021,395,2,487.03,243.515,544,1,Lost
16022,260,1,602.63,602.63,260,1,Lost
16023,46,3,719.81,239.9367,266,3,New
16024,12,3,478.71,159.57,411,3,New
16025,29,1,439.66,439.66,29,3,New
16026,43,1,236.09,236.09,43,3,New
16027,91,15,2048.36,136.5573,700,4,Loyal
16028,595,1,82.2,82.2,595,1,Lost
16029,38,106,109620.87,1034.1592,731,2,Champions
16030,309,1,331.24,331.24,309,1,Lost
16031,92,2,547.9,273.95,247,3,New
16032,456,6,1965.72,327.62,523,0,At Risk
16033,5,27,10608.81,392.9189,485,2,Champions
16034,196,6,911.32,151.8867,409,0,At Risk
16035,560,1,217.73,217.73,560,1,Lost
16036,87,4,2556.84,639.21,620,0,At Risk
16037,269,5,1509.34,301.868,648,0,At Risk
16038,7,3,471.78,157.26,201,3,New
16039,423,2,456.4,228.2,628,1,Lost
16040,65,7,2416.9,345.2714,609,4,Loyal
16041,30,3,3166.4,1055.4667,141,4,Loyal
16042,22,8,2245.32,280.665,453,4,Loyal
16043,37,8,1856.59,232.0738,481,4,Loyal
16044,435,1,340.84,340.84,435,1,Lost
16045,119,8,3434.93,429.3662,498,4,Loyal
16046,562,1,235.78,235.78,562,1,Lost
16048,373,4,818.79,204.6975,549,0,At Risk
16049,40,6,1852.15,308.6917,516,4,Loyal
16050,173,3,300.7,100.2333,401,1,Lost
16051,681,1,188.44,188.44,681,1,Lost
16052,54,1,362.06,362.06,54,3,New
16053,32,6,3634.84,605.8067,610,4,Loyal
16054,145,4,2111.88,527.97,617,0,At Risk
16055,220,1,134.8,134.8,220,1,Lost
16056,45,1,650.75,650.75,45,3,New
16057,16,10,3854.85,385.485,701,4,Loyal
16058,406,1,62.7,62.7,406,1,Lost
16059,65,12,3053.57,254.4642,569,4,Loyal
16060,400,3,541.95,180.65,494,0,At Risk
16061,431,1,89.65,89.65,431,1,Lost
16062,9,8,2863.45,357.9312,536,4,Loyal
16063,260,1,335.32,335.32,260,1,Lost
16064,725,1,109.31,109.31,725,1,Lost
16065,365,8,1992.13,249.0162,463,0,At Risk
16066,16,5,1521.04,304.208,124,4,Loyal
16067,562,3,3269.11,1089.7033,675,0,At Risk
16068,593,1,115.73,115.73,593,1,Lost
16069,417,1,457.7,457.7,417,1,Lost
16070,22,2,852.15,426.075,32,3,New
16071,44,4,1076.8,269.2,655,3,New
16072,288,4,4180.09,1045.0225,549,0,At Risk
16073,297,1,122.4,122.4,297,1,Lost
16074,390,1,252.5,252.5,390,1,Lost
16075,502,2,736.93,368.465,564,0,At Risk
16076,3,10,2234.73,223.473,208,4,Loyal
16077,625,1,2300.4,2300.4,625,0,At Risk
16078,283,2,362.99,181.495,669,1,Lost
16079,16,3,1352.0,450.6667,40,3,New
16080,81,4,602.56,150.64,450,0,At Risk
16081,56,8,4278.96,534.87,674,4,Loyal
16082,670,1,106.75,106.75,670,1,Lost
16083,100,4,2351.42,587.855,388,0,At Risk
16084,299,1,436.18,436.18,299,1,Lost
16085,23,12,2324.71,193.7258,688,4,Loyal
16086,59,10,2687.73,268.773,737,4,Loyal
16087,389,5,1739.92,347.984,689,0,At Risk
16088,575,2,1437.43,718.715,591,0,At Risk
16089,386,2,263.49,131.745,509,1,Lost
16090,624,1,180.56,180.56,624,1,Lost
16091,154,2,315.06,157.53,198,1,Lost
16092,114,6,1587.94,264.6567,579,0,At Risk
16093,106,1,17.0,17.0,106,1,Lost
16094,11,11,3695.56,335.96,602,4,Loyal
16095,456,1,447.05,447.05,456,1,Lost
16096,264,4,1584.97,396.2425,645,0,At Risk
16097,240,1,185.05,185.05,240,1,Lost
16098,87,14,4010.7,286.4786,724,4,Loyal
16099,50,7,1573.2,224.7429,646,4,Loyal
16100,462,1,582.64,582.64,462,1,Lost
16101,70,4,3229.16,807.29,561,4,Loyal
16102,42,3,1842.14,614.0467,128,3,New
16103,7,22,6191.71,281.4414,700,2,Champions
16104,61,9,2774.46,308.2733,733,4,Loyal
16105,248,5,2386.19,477.238,604,0,At Risk
16106,65,1,108.38,108.38,65,1,Lost
16107,17,7,3204.16,457.7371,183,4,Loyal
16108,84,4,2235.92,558.98,631,0,At Risk
16109,218,3,939.48,313.16,698,0,At Risk
16110,45,4,1781.59,445.3975,522,4,Loyal
16111,428,1,549.33,549.33,428,1,Lost
16112,143,4,195.74,48.935,338,1,Lost
16113,183,1,161.38,161.38,183,1,Lost
16114,170,1,135.75,135.75,170,1,Lost
16115,9,12,2553.8,212.8167,574,4,Loyal
16116,211,1,612.78,612.78,211,1,Lost
16117,189,3,654.4,218.1333,591,0,At Risk
16118,652,1,4376.25,4376.25,652,0,At Risk
16119,8,8,1720.81,215.1012,723,4,Loyal
16120,59,6,2967.51,494.585,422,4,Loyal
16121,57,5,1450.04,290.008,565,4,Loyal
16122,73,6,895.62,149.27,425,0,At Risk
16123,51,1,307.78,307.78,51,3,New
16124,317,4,1772.49,443.1225,732,0,At Risk
16125,367,14,4292.35,306.5964,725,4,Loyal
16126,29,15,14644.6,976.3067,737,2,Champions
16127,39,2,801.31,400.655,726,3,New
16128,17,11,3801.05,345.55,511,4,Loyal
16129,407,3,1396.05,465.35,507,0,At Risk
16130,422,4,987.48,246.87,617,0,At Risk
16131,51,12,9957.42,829.785,737,4,Loyal
16132,544,2,664.2,332.1,627,0,At Risk
16133,3,56,22992.26,410.5761,618,2,Champions
16134,21,5,2145.34,429.068,540,4,Loyal
16135,262,2,819.45,409.725,583,0,At Risk
16136,59,4,946.8,236.7,663,0,At Risk
16137,680,1,422.7,422.7,680,1,Lost
16138,378,3,910.35,303.45,590,0,At Risk
16139,18,5,1111.15,222.23,736,3,New
16140,65,3,1433.46,477.82,441,0,At Risk
16141,88,2,955.94,477.97,417,0,At Risk
16142,249,1,535.34,535.34,249,1,Lost
16143,3,12,4555.08,379.59,729,2,Champions
16144,246,1,175.2,175.2,246,1,Lost
16145,8,19,6805.44,358.1811,584,2,Champions
16146,157,4,946.38,236.595,448,0,At Risk
16147,133,5,2398.91,479.782,672,0,At Risk
16148,296,2,386.62,193.31,436,1,Lost
16149,4,3,422.22,140.74,429,3,New
16150,42,10,4002.17,400.217,722,4,Loyal
16152,268,1,1829.04,1829.04,268,0,At Risk
16153,49,11,5133.49,466.6809,562,4,Loyal
16155,381,5,796.9,159.38,539,0,At Risk
16156,8,20,6188.18,309.409,737,2,Champions
16157,15,3,656.69,218.8967,72,3,New
16158,522,9,628.32,69.8133,734,0,At Risk
16159,281,4,1232.79,308.1975,736,0,At Risk
16160,65,2,1025.44,512.72,85,3,New
16161,1,43,12580.06,292.5595,669,2,Champions
16162,252,1,37.4,37.4,252,1,Lost
16163,232,6,2407.98,401.33,737,0,At Risk
16164,17,3,822.48,274.16,42,3,New
16165,505,1,79.9,79.9,505,1,Lost
16166,428,2,435.83,217.915,691,1,Lost
16167,414,5,1386.12,277.224,738,0,At Risk
16168,10,66,10360.67,156.9798,736,2,Champions
16169,8,4,1822.97,455.7425,75,4,Loyal
16170,50,20,6869.0,343.45,659,4,Loyal
16171,59,1,73.2,73.2,59,1,Lost
16172,95,8,1884.55,235.5688,513,4,Loyal
16173,15,6,1418.32,236.3867,98,4,Loyal
16174,126,7,2246.75,320.9643,603,0,At Risk
16175,94,7,1836.44,262.3486,563,4,Loyal
16176,421,4,2052.69,513.1725,620,0,At Risk
16177,50,8,2247.31,280.9138,647,4,Loyal
16178,138,2,612.6,306.3,401,0,At Risk
16179,60,1,215.83,215.83,60,3,New
16180,100,13,16249.87,1249.99,534,4,Loyal
16181,73,1,305.54,305.54,73,1,Lost
16182,72,9,9971.65,1107.9611,640,4,Loyal
16183,67,4,1077.81,269.4525,407,0,At Risk
16184,64,6,1158.79,193.1317,211,4,Loyal
16185,16,3,644.72,214.9067,564,3,New
16186,22,26,8718.43,335.3242,730,2,Champions
16187,31,15,6911.44,460.7627,284,4,Loyal
16188,44,5,1087.66,217.532,408,4,Loyal
16189,15,2,215.48,107.74,85,3,New
16190,40,8,2723.55,340.4438,725,4,Loyal
16191,2,24,15677.82,653.2425,728,2,Champions
16192,735,1,351.3,351.3,735,1,Lost
16193,236,2,630.43,315.215,410,0,At Risk
16194,375,1,308.6,308.6,375,1,Lost
16195,723,1,323.25,323.25,723,1,Lost
16196,488,1,93.3,93.3,488,1,Lost
16197,469,9,2016.71,224.0789,723,0,At Risk
16198,75,2,1030.041,515.0205,437,0,At Risk
16199,392,7,942.75,134.6786,631,0,At Risk
16200,4,12,5608.1,467.3417,737,2,Champions
16201,3,5,2112.12,422.424,415,4,Loyal
16202,360,9,2501.99,277.9989,737,0,At Risk
16203,58,6,943.84,157.3067,504,4,Loyal
16204,23,3,918.71,306.2367,731,3,New
16205,30,7,1813.51,259.0729,542,4,Loyal
16206,54,13,2577.12,198.24,684,4,Loyal
16207,25,1,394.38,394.38,25,3,New
16208,44,10,3440.45,344.045,653,4,Loyal
16209,88,9,4146.78,460.7533,546,4,Loyal
16210,1,33,33730.97,1022.1506,737,2,Champions
16211,88,3,1090.59,363.53,438,0,At Risk
16212,19,4,1293.71,323.4275,670,3,New
16213,78,1,159.0,159.0,78,1,Lost
16214,170,4,2038.25,509.5625,435,0,At Risk
16215,80,1,242.35,242.35,80,1,Lost
16216,267,1,914.93,914.93,267,0,At Risk
16217,235,2,304.25,152.125,282,1,Lost
16218,29,13,3968.67,305.2823,561,4,Loyal
16219,500,1,40.8,40.8,500,1,Lost
16221,36,9,2018.47,224.2744,486,4,Loyal
16222,318,2,1272.05,636.025,721,0,At Risk
16223,374,2,1087.05,543.525,395,0,At Risk
16224,57,5,1616.54,323.308,387,4,Loyal
16225,44,15,2859.31,190.6207,670,4,Loyal
16226,203,5,672.17,134.434,413,0,At Risk
16227,225,3,1027.22,342.4067,535,0,At Risk
16228,385,3,885.71,295.2367,400,0,At Risk
16229,87,6,2867.86,477.9767,564,4,Loyal
16230,189,2,542.03,271.015,220,0,At Risk
16231,379,4,1074.47,268.6175,597,0,At Risk
16232,43,7,2712.97,387.5671,550,4,Loyal
16233,71,9,1818.31,202.0344,737,4,Loyal
16234,476,3,333.18,111.06,561,1,Lost
16235,40,8,2043.71,255.4638,470,4,Loyal
16236,78,1,432.2,432.2,78,3,New
16237,437,1,136.65,136.65,437,1,Lost
16238,422,1,63.66,63.66,422,1,Lost
16239,56,6,1492.2,248.7,463,4,Loyal
16240,24,2,3718.8,1859.4,77,3,New
16241,9,16,3989.81,249.3631,410,2,Champions
16242,8,14,7404.65,528.9036,634,2,Champions
16243,33,2,409.1,204.55,54,3,New
16244,211,2,1522.75,761.375,372,0,At Risk
16245,23,3,1413.66,471.22,256,3,New
16246,459,2,821.35,410.675,669,0,At Risk
16247,170,1,114.56,114.56,170,1,Lost
16248,61,1,152.94,152.94,61,1,Lost
16249,52,5,1800.07,360.014,239,4,Loyal
16250,261,3,565.24,188.4133,386,0,At Risk
16251,512,1,128.31,128.31,512,1,Lost
16252,382,1,295.09,295.09,382,1,Lost
16253,66,7,7222.2,1031.7429,731,4,Loyal
16254,378,3,967.44,322.48,632,0,At Risk
16255,16,15,4530.0,302.0,684,4,Loyal
16256,266,3,1579.37,526.4567,597,0,At Risk
16257,176,1,21.95,21.95,176,1,Lost
16258,45,15,11942.52,796.168,639,4,Loyal
16259,410,3,340.94,113.6467,605,1,Lost
16260,50,1,1035.45,1035.45,50,3,New
16261,17,6,1041.16,173.5267,442,4,Loyal
16262,378,1,755.15,755.15,378,1,Lost
16263,423,1,348.16,348.16,423,1,Lost
16264,438,2,823.53,411.765,446,0,At Risk
16265,9,12,6685.17,557.0975,407,4,Loyal
16266,73,14,1757.95,125.5679,673,4,Loyal
16267,591,1,186.66,186.66,591,1,Lost
16268,71,2,617.65,308.825,71,3,New
16269,437,1,717.57,717.57,437,1,Lost
16270,353,1,1141.24,1141.24,353,0,At Risk
16271,15,8,3367.82,420.9775,642,4,Loyal
16272,116,1,411.7,411.7,116,1,Lost
16273,648,2,318.34,159.17,656,1,Lost
16274,373,1,331.55,331.55,373,1,Lost
16275,196,3,2151.11,717.0367,641,0,At Risk
16276,176,3,2629.39,876.4633,607,0,At Risk
16277,733,1,188.69,188.69,733,1,Lost
16278,100,3,1117.84,372.6133,499,0,At Risk
16279,21,9,5698.28,633.1422,596,4,Loyal
16280,725,1,238.05,238.05,725,1,Lost
16281,72,3,3424.02,1141.34,682,0,At Risk
16282,339,3,1307.58,435.86,718,0,At Risk
16283,5,8,4348.62,543.5775,649,4,Loyal
16284,31,3,1018.48,339.4933,393,3,New
16285,646,1,176.9,176.9,646,1,Lost
16286,477,2,328.95,164.475,623,1,Lost
16287,169,5,1006.98,201.396,689,0,At Risk
16288,470,1,129.85,129.85,470,1,Lost
16289,462,1,136.31,136.31,462,1,Lost
16290,464,4,1957.7,489.425,565,0,At Risk
16292,121,5,1253.76,250.752,604,0,At Risk
16293,21,15,4279.2,285.28,728,4,Loyal
16294,476,1,126.05,126.05,476,1,Lost
16295,9,4,1328.55,332.1375,64,3,New
16296,626,4,1313.67,328.4175,721,0,At Risk
16297,268,1,301.9,301.9,268,1,Lost
16298,22,7,1085.7,155.1,442,4,Loyal
16299,477,1,193.65,193.65,477,1,Lost
16300,430,3,1367.32,455.7733,675,0,At Risk
16301,736,1,107.33,107.33,736,1,Lost
16302,126,1,233.22,233.22,126,1,Lost
16303,25,7,7928.27,1132.61,631,4,Loyal
16304,694,1,381.66,381.66,694,1,Lost
16305,138,1,361.22,361.22,138,1,Lost
16306,213,7,1124.72,160.6743,434,0,At Risk
16307,429,3,1194.92,398.3067,577,0,At Risk
16308,37,7,5120.0,731.4286,724,4,Loyal
16309,106,2,706.57,353.285,240,0,At Risk
16310,414,2,460.08,230.04,642,1,Lost
16311,17,2,616.26,308.13,49,3,New
16312,432,1,171.15,171.15,432,1,Lost
16313,3,2,274.15,137.075,49,3,New
16314,389,3,1491.4,497.1333,472,0,At Risk
16315,330,2,402.71,201.355,536,1,Lost
16316,64,13,5744.91,441.9162,493,4,Loyal
16317,119,5,2192.51,438.502,584,0,At Risk
16318,35,1,328.15,328.15,35,3,New
16319,217,1,404.4,404.4,217,1,Lost
16320,172,6,5628.99,938.165,681,4,Loyal
16321,72,7,604.55,86.3643,738,0,At Risk
16322,1,2,326.75,163.375,36,3,New
16323,196,2,353.66,176.83,577,1,Lost
16324,128,3,408.59,136.1967,177,0,At Risk
16325,46,12,3597.5,299.7917,735,4,Loyal
16326,5,24,4626.25,192.7604,680,2,Champions
16327,14,16,10129.04,633.065,725,2,Champions
16328,563,1,310.83,310.83,563,1,Lost
16329,427,4,1664.92,416.23,738,0,At Risk
16330,17,7,625.38,89.34,662,3,New
16331,432,6,2037.7,339.6167,642,0,At Risk
16332,28,11,1997.49,181.59,589,4,Loyal
16333,7,22,26626.8,1210.3091,309,2,Champions
16334,492,1,263.73,263.73,492,1,Lost
16335,551,7,2753.52,393.36,735,0,At Risk
16336,420,4,3517.69,879.4225,631,0,At Risk
16337,36,1,151.05,151.05,36,3,New
16338,157,1,214.8,214.8,157,1,Lost
16339,284,1,94.05,94.05,284,1,Lost
16340,107,3,1496.24,498.7467,551,0,At Risk
16341,24,7,3850.79,550.1129,609,4,Loyal
16342,75,4,322.41,80.6025,179,3,New
16343,16,3,614.12,204.7067,407,3,New
16344,158,4,842.42,210.605,668,0,At Risk
16345,44,2,1178.79,589.395,483,3,New
16346,385,1,224.51,224.51,385,1,Lost
16347,11,11,3442.96,312.9964,637,4,Loyal
16348,32,8,1742.08,217.76,430,4,Loyal
16349,290,1,53.5,53.5,290,1,Lost
16350,21,9,2253.89,250.4322,428,4,Loyal
16351,332,13,3330.03,256.1562,735,4,Loyal
16352,17,2,494.44,247.22,37,3,New
16353,3,38,9795.46,257.7753,732,2,Champions
16354,63,5,1119.46,223.892,591,0,At Risk
16355,375,1,416.35,416.35,375,1,Lost
16356,197,6,415.87,69.3117,551,0,At Risk
16357,33,4,868.37,217.0925,381,3,New
16358,1,5,2919.65,583.93,394,4,Loyal
16359,7,16,2697.75,168.6094,661,4,Loyal
16360,4,6,3450.41,575.0683,88,4,Loyal
16361,9,4,891.21,222.8025,71,3,New
16362,32,6,922.16,153.6933,437,4,Loyal
16363,53,1,109.36,109.36,53,1,Lost
16364,11,2,705.79,352.895,137,3,New
16365,17,15,3167.34,211.156,728,4,Loyal
16366,18,4,1548.13,387.0325,723,3,New
16367,37,3,1350.48,450.16,383,3,New
16368,2,3,621.44,207.1467,435,3,New
16369,18,7,2654.48,379.2114,611,4,Loyal
16370,82,4,1301.91,325.4775,225,0,At Risk
16371,448,1,157.2,157.2,448,1,Lost
16372,33,5,1290.31,258.062,607,4,Loyal
16373,382,2,309.49,154.745,411,1,Lost
16374,66,5,1709.55,341.91,588,4,Loyal
16375,470,2,104.0,52.0,470,1,Lost
16376,8,2,974.96,487.48,17,3,New
16377,267,2,1308.48,654.24,617,0,At Risk
16378,247,3,362.95,120.9833,310,0,At Risk
16379,4,4,2157.4,539.35,78,4,Loyal
16380,61,1,1743.15,1743.15,61,3,New
16381,395,2,247.85,123.925,418,1,Lost
16382,408,2,353.1,176.55,550,1,Lost
16383,74,7,2887.99,412.57,673,4,Loyal
16384,89,4,1358.95,339.7375,590,0,At Risk
16385,60,5,881.35,176.27,631,0,At Risk
16386,28,3,1068.16,356.0533,387,3,New
16387,322,5,882.46,176.492,638,0,At Risk
16388,653,1,186.05,186.05,653,1,Lost
16389,53,4,1382.07,345.5175,283,0,At Risk
16390,536,3,467.5,155.8333,679,0,At Risk
16391,400,4,1048.86,262.215,561,0,At Risk
16392,269,3,755.45,251.8167,561,0,At Risk
16393,2,23,5297.77,230.3378,738,2,Champions
16394,56,5,1555.34,311.068,289,4,Loyal
16395,60,14,3517.56,251.2543,733,4,Loyal
16396,476,1,137.8,137.8,476,1,Lost
16397,628,1,123.13,123.13,628,1,Lost
16398,154,2,1705.8,852.9,253,0,At Risk
16399,19,3,628.42,209.4733,389,3,New
16400,94,9,3059.85,339.9833,731,4,Loyal
16401,1,23,6847.45,297.7152,555,2,Champions
16402,264,2,293.45,146.725,369,1,Lost
16403,312,1,177.5,177.5,312,1,Lost
16404,70,1,443.05,443.05,70,3,New
16405,302,2,167.25,83.625,310,1,Lost
16406,18,3,528.36,176.12,653,3,New
16407,12,14,2761.65,197.2607,432,4,Loyal
16408,591,1,231.93,231.93,591,1,Lost
16409,36,12,5652.74,471.0617,726,4,Loyal
16410,734,1,130.32,130.32,734,1,Lost
16411,19,4,756.39,189.0975,428,3,New
16412,53,5,593.19,118.638,673,3,New
16413,56,2,522.03,261.015,375,3,New
16414,21,5,551.21,110.242,694,3,New
16415,44,3,696.76,232.2533,676,3,New
16416,26,9,2957.88,328.6533,654,4,Loyal
16417,492,1,35.7,35.7,492,1,Lost
16418,44,5,1028.74,205.748,422,3,New
16419,112,8,1463.7,182.9625,668,4,Loyal
16420,396,1,75.0,75.0,396,1,Lost
16421,376,3,526.27,175.4233,469,0,At Risk
16422,17,107,61656.42,576.2282,696,2,Champions
16423,24,1,346.12,346.12,24,3,New
16424,191,2,443.06,221.53,382,1,Lost
16425,302,1,302.7,302.7,302,1,Lost
16426,2,10,1863.76,186.376,276,4,Loyal
16427,263,2,241.06,120.53,284,1,Lost
16428,413,3,638.49,212.83,497,0,At Risk
16429,106,1,284.55,284.55,106,1,Lost
16430,57,6,1102.94,183.8233,681,4,Loyal
16431,213,3,623.28,207.76,297,0,At Risk
16432,64,1,287.4,287.4,64,3,New
16433,28,2,384.52,192.26,408,3,New
16434,29,12,2673.69,222.8075,691,4,Loyal
16435,512,3,1003.07,334.3567,514,0,At Risk
16436,668,3,319.14,106.38,733,1,Lost
16437,381,2,301.25,150.625,429,1,Lost
16438,5,5,798.35,159.67,82,3,New
16439,722,1,310.7,310.7,722,1,Lost
16440,7,6,3856.97,642.8283,493,4,Loyal
16441,67,5,1013.18,202.636,627,0,At Risk
16442,1,5,891.98,178.396,726,3,New
16443,520,1,162.24,162.24,520,1,Lost
16444,46,17,3625.88,213.2871,625,4,Loyal
16445,33,4,583.16,145.79,411,3,New
16446,0,2,168472.5,84236.25,205,2,Champions
16447,135,3,727.1,242.3667,660,0,At Risk
16448,198,2,361.12,180.56,471,1,Lost
16449,197,2,707.69,353.845,280,0,At Risk
16450,149,3,1505.73,501.91,656,0,At Risk
16451,87,3,1013.15,337.7167,735,0,At Risk
16452,630,2,332.17,166.085,693,1,Lost
16453,530,2,251.71,125.855,548,1,Lost
16454,64,2,7.45,3.725,611,1,Lost
16455,63,11,3995.57,363.2336,619,4,Loyal
16456,99,13,6000.94,461.6108,620,4,Loyal
16457,218,1,208.36,208.36,218,1,Lost
16458,2,30,5690.89,189.6963,562,2,Champions
16459,729,1,71.79,71.79,729,1,Lost
16460,28,3,811.23,270.41,81,3,New
16461,177,3,1539.83,513.2767,646,0,At Risk
16462,73,3,136.0,45.3333,283,3,New
16463,21,4,1422.4,355.6,204,3,New
16464,19,3,1298.66,432.8867,142,3,New
16465,420,2,746.24,373.12,444,0,At Risk
16466,33,15,3767.09,251.1393,642,4,Loyal
16467,508,7,2869.16,409.88,737,0,At Risk
16468,74,3,787.52,262.5067,481,0,At Risk
16469,23,5,803.9,160.78,514,3,New
16470,51,11,2416.85,219.7136,728,4,Loyal
16471,274,4,1189.98,297.495,652,0,At Risk
16472,434,2,789.6,394.8,597,0,At Risk
16473,164,4,470.83,117.7075,374,0,At Risk
16474,7,7,1810.49,258.6414,145,4,Loyal
16475,88,4,544.3,136.075,273,0,At Risk
16476,431,1,350.35,350.35,431,1,Lost
16477,63,11,4094.37,372.2155,484,4,Loyal
16478,25,3,331.0,110.3333,65,3,New
16479,10,2,300.83,150.415,10,3,New
16480,75,1,769.29,769.29,75,3,New
16481,682,1,453.38,453.38,682,1,Lost
16482,15,1,220.62,220.62,15,3,New
16483,192,1,139.35,139.35,192,1,Lost
16484,173,2,404.3,202.15,190,1,Lost
16485,77,5,2287.19,457.438,733,4,Loyal
16486,537,1,134.36,134.36,537,1,Lost
16487,577,2,209.4,104.7,659,1,Lost
16488,33,3,498.8,166.2667,148,3,New
16489,380,2,303.7,151.85,436,1,Lost
16490,436,1,205.41,205.41,436,1,Lost
16491,46,2,1533.16,766.58,413,3,New
16492,540,1,385.56,385.56,540,1,Lost
16493,79,7,2132.09,304.5843,623,4,Loyal
16494,296,1,826.53,826.53,296,1,Lost
16495,3,3,648.26,216.0867,276,3,New
16496,8,6,2330.77,388.4617,509,4,Loyal
16497,49,23,6695.28,291.0991,736,2,Champions
16498,161,2,100.97,50.485,162,1,Lost
16499,360,8,2578.34,322.2925,546,0,At Risk
16500,4,9,843.91,93.7678,543,4,Loyal
16501,383,1,1191.23,1191.23,383,0,At Risk
16502,620,2,258.55,129.275,620,1,Lost
16503,106,11,3614.34,328.5764,536,4,Loyal
16504,25,1,465.88,465.88,25,3,New
16505,31,1,777.6,777.6,31,3,New
16506,19,2,90.3,45.15,40,3,New
16507,572,1,142.71,142.71,572,1,Lost
16508,630,1,240.95,240.95,630,1,Lost
16509,296,1,363.7,363.7,296,1,Lost
16510,372,6,1757.25,292.875,691,0,At Risk
16511,21,6,1758.49,293.0817,648,4,Loyal
16513,4,4,874.59,218.6475,43,3,New
16515,52,10,3179.06,317.906,540,4,Loyal
16516,30,1,101.7,101.7,30,3,New
16517,277,1,162.7,162.7,277,1,Lost
16518,61,4,959.37,239.8425,556,0,At Risk
16519,25,4,436.96,109.24,648,3,New
16520,186,6,2148.38,358.0633,647,0,At Risk
16521,415,3,1136.36,378.7867,648,0,At Risk
16522,435,2,433.36,216.68,450,1,Lost
16523,1,28,11916.33,425.5832,684,2,Champions
16524,446,2,306.19,153.095,691,1,Lost
16525,2,48,24151.3,503.1521,737,2,Champions
16526,171,2,717.21,358.605,584,0,At Risk
16527,81,2,1232.94,616.47,424,0,At Risk
16528,3,1,244.41,244.41,3,3,New
16529,190,4,1986.8,496.7,530,0,At Risk
16530,668,1,48.35,48.35,668,1,Lost
16531,22,11,2298.33,208.9391,441,4,Loyal
16532,17,5,8756.64,1751.328,620,4,Loyal
16533,19,3,1082.81,360.9367,68,3,New
16534,642,1,635.9,635.9,642,1,Lost
16535,5,2,952.04,476.02,385,3,New
16536,110,1,548.12,548.12,110,1,Lost
16537,641,1,10.55,10.55,641,1,Lost
16538,541,3,395.07,131.69,595,1,Lost
16539,2,10,3289.66,328.966,532,4,Loyal
16540,414,1,205.75,205.75,414,1,Lost
16541,735,1,424.03,424.03,735,1,Lost
16542,53,2,257.32,128.66,401,3,New
16543,591,1,292.21,292.21,591,1,Lost
16544,519,4,376.7,94.175,662,0,At Risk
16545,164,2,689.82,344.91,375,0,At Risk
16546,290,5,5307.07,1061.414,442,0,At Risk
16547,546,1,104.26,104.26,546,1,Lost
16548,599,1,30.15,30.15,599,1,Lost
16549,10,34,12781.8,375.9353,621,2,Champions
16550,108,18,8807.68,489.3156,737,4,Loyal
16551,95,7,2237.12,319.5886,726,4,Loyal
16552,242,2,379.73,189.865,373,1,Lost
16553,163,33,16584.01,502.5458,666,2,Champions
16554,42,8,2841.72,355.215,724,4,Loyal
16555,35,6,1915.68,319.28,505,4,Loyal
16556,66,17,8012.58,471.3282,732,4,Loyal
16557,24,2,281.85,140.925,137,3,New
16558,0,38,13304.11,350.1082,736,2,Champions
16559,397,1,175.0,175.0,397,1,Lost
16560,26,8,3048.38,381.0475,731,4,Loyal
16561,5,2,511.12,255.56,59,3,New
16562,476,1,223.86,223.86,476,1,Lost
16563,53,6,4412.56,735.4267,738,4,Loyal
16564,569,1,87.8,87.8,569,1,Lost
16565,364,4,773.05,193.2625,555,0,At Risk
16566,15,5,614.66,122.932,292,3,New
16567,194,2,865.6,432.8,336,0,At Risk
16568,427,2,1020.9,510.45,641,0,At Risk
16569,3,5,1455.23,291.046,723,4,Loyal
16570,15,20,7434.31,371.7155,619,2,Champions
16571,26,10,4248.74,424.874,631,4,Loyal
16572,127,3,1009.6,336.5333,275,0,At Risk
16573,84,2,663.61,331.805,290,3,New
16574,71,3,1301.78,433.9267,658,0,At Risk
16576,420,2,540.87,270.435,521,1,Lost
16577,666,1,380.0,380.0,666,1,Lost
16578,626,1,156.6,156.6,626,1,Lost
16579,425,1,295.05,295.05,425,1,Lost
16581,182,1,105.84,105.84,182,1,Lost
16582,113,1,313.62,313.62,113,1,Lost
16583,373,2,297.95,148.975,673,1,Lost
16584,80,5,3156.17,631.234,661,4,Loyal
16585,593,2,341.59,170.795,695,1,Lost
16586,248,3,1462.78,487.5933,635,0,At Risk
16587,232,1,225.15,225.15,232,1,Lost
16588,386,4,1361.28,340.32,574,0,At Risk
16589,71,4,612.36,153.09,450,0,At Risk
16590,400,2,605.9,302.95,414,0,At Risk
16591,68,1,213.5,213.5,68,1,Lost
16592,4,28,7807.91,278.8539,721,2,Champions
16593,50,8,1071.14,133.8925,734,4,Loyal
16594,75,1,181.09,181.09,75,1,Lost
16595,61,5,1757.75,351.55,691,4,Loyal
16596,15,4,458.98,114.745,729,3,New
16597,4,1,90.04,90.04,4,3,New
16598,285,1,145.05,145.05,285,1,Lost
16599,385,1,172.8,172.8,385,1,Lost
16600,4,13,2153.41,165.6469,721,4,Loyal
16601,40,3,675.83,225.2767,623,3,New
16602,36,2,763.33,381.665,388,3,New
16603,74,2,482.47,241.235,91,3,New
16604,562,2,432.45,216.225,568,1,Lost
16605,724,1,60.48,60.48,724,1,Lost
16606,404,2,357.66,178.83,434,1,Lost
16607,17,25,5706.87,228.2748,589,2,Champions
16608,453,2,1286.62,643.31,663,0,At Risk
16609,15,7,5493.46,784.78,252,4,Loyal
16610,219,1,75.66,75.66,219,1,Lost
16611,186,6,1785.13,297.5217,639,0,At Risk
16612,32,9,3245.43,360.6033,736,4,Loyal
16613,70,1,618.59,618.59,70,3,New
16614,182,3,1179.79,393.2633,578,0,At Risk
16615,626,1,291.5,291.5,626,1,Lost
16616,15,2,500.42,250.21,157,3,New
16617,235,1,151.85,151.85,235,1,Lost
16618,31,5,2647.59,529.518,322,4,Loyal
16619,263,4,1938.33,484.5825,655,0,At Risk
16620,3,6,1758.93,293.155,738,4,Loyal
16621,51,4,813.48,203.37,277,3,New
16622,543,1,225.4,225.4,543,1,Lost
16623,245,4,1015.24,253.81,592,0,At Risk
16624,80,2,810.57,405.285,197,3,New
16625,274,5,1654.03,330.806,543,0,At Risk
16626,0,17,4413.1,259.5941,266,2,Champions
16627,79,1,322.8,322.8,79,1,Lost
16628,29,7,2318.1,331.1571,641,4,Loyal
16629,73,2,408.63,204.315,96,3,New
16630,407,1,106.8,106.8,407,1,Lost
16631,481,7,1892.52,270.36,651,0,At Risk
16632,485,2,406.4,203.2,581,1,Lost
16633,17,6,2883.1,480.5167,234,4,Loyal
16634,222,6,1649.81,274.9683,687,0,At Risk
16635,406,1,473.0,473.0,406,1,Lost
16636,438,4,3802.04,950.51,646,0,At Risk
16637,32,4,1154.47,288.6175,225,3,New
16638,22,15,2380.13,158.6753,478,4,Loyal
16639,31,4,1747.98,436.995,409,4,Loyal
16640,397,1,179.4,179.4,397,1,Lost
16641,105,2,554.5,277.25,701,0,At Risk
16642,4,3,1077.45,359.15,415,3,New
16643,245,2,923.11,461.555,422,0,At Risk
16644,177,2,833.78,416.89,212,0,At Risk
16645,735,1,160.39,160.39,735,1,Lost
16646,449,1,678.8,678.8,449,1,Lost
16647,169,4,541.9,135.475,544,0,At Risk
16648,42,3,672.8,224.2667,590,3,New
16649,520,1,306.58,306.58,520,1,Lost
16650,71,7,1916.11,273.73,519,4,Loyal
16651,586,1,136.2,136.2,586,1,Lost
16652,58,16,17550.39,1096.8994,632,2,Champions
16653,16,2,1212.66,606.33,71,3,New
16654,141,8,1484.07,185.5088,612,0,At Risk
16655,17,13,6423.26,494.0969,677,4,Loyal
16656,22,30,16833.17,561.1057,735,2,Champions
16657,9,4,874.43,218.6075,254,3,New
16658,368,5,680.83,136.166,619,0,At Risk
16659,189,1,39.12,39.12,189,1,Lost
16660,16,7,1879.55,268.5071,694,4,Loyal
16661,540,4,932.76,233.19,722,0,At Risk
16662,394,1,151.05,151.05,394,1,Lost
16663,729,1,165.0,165.0,729,1,Lost
16664,569,1,109.2,109.2,569,1,Lost
16665,362,1,135.4,135.4,362,1,Lost
16666,19,2,217.71,108.855,621,3,New
16667,68,2,567.18,283.59,284,3,New
16668,15,13,862.42,66.34,631,4,Loyal
16669,23,2,1344.48,672.24,78,3,New
16670,16,20,8030.15,401.5075,729,2,Champions
16671,28,3,1692.27,564.09,164,3,New
16672,2,20,8134.94,406.747,266,2,Champions
16673,679,1,171.13,171.13,679,1,Lost
16674,54,2,304.24,152.12,98,3,New
16675,441,2,608.86,304.43,478,0,At Risk
16676,33,6,2361.9,393.65,418,4,Loyal
16677,411,2,880.62,440.31,652,0,At Risk
16678,2,12,3109.99,259.1658,282,2,Champions
16679,366,3,663.31,221.1033,547,0,At Risk
16680,43,3,821.45,273.8167,534,3,New
16681,72,7,1921.84,274.5486,641,4,Loyal
16682,4,5,1028.0,205.6,187,3,New
16683,533,1,320.25,320.25,533,1,Lost
16684,4,55,147142.77,2675.3231,732,2,Champions
16685,61,2,324.24,162.12,61,3,New
16686,47,16,4881.07,305.0669,733,4,Loyal
16687,390,1,157.63,157.63,390,1,Lost
16688,1,4,1260.86,315.215,60,3,New
16689,75,2,422.6,211.3,82,3,New
16690,72,4,353.03,88.2575,451,3,New
16691,418,2,178.83,89.415,561,1,Lost
16692,256,4,1764.7,441.175,441,0,At Risk
16693,68,5,1179.48,235.896,656,0,At Risk
16694,723,1,98.3,98.3,723,1,Lost
16695,561,2,191.9,95.95,561,1,Lost
16696,135,4,657.9,164.475,248,0,At Risk
16697,241,1,112.75,112.75,241,1,Lost
16698,226,2,1998.0,999.0,253,0,At Risk
16699,380,7,994.6,142.0857,735,0,At Risk
16700,8,25,8830.77,353.2308,737,2,Champions
16701,8,26,9916.73,381.4127,738,2,Champions
16702,415,4,1109.53,277.3825,732,0,At Risk
16704,618,2,664.16,332.08,672,0,At Risk
16705,0,42,43515.051,1036.0726,730,2,Champions
16706,37,3,531.35,177.1167,114,3,New
16707,400,4,533.41,133.3525,640,0,At Risk
16708,45,1,656.63,656.63,45,3,New
16709,84,14,9056.01,646.8579,730,4,Loyal
16710,19,22,5921.35,269.1523,735,2,Champions
16711,3,9,2868.48,318.72,737,4,Loyal
16712,9,13,4225.22,325.0169,401,4,Loyal
16713,18,32,14115.56,441.1112,724,2,Champions
16714,317,3,1482.33,494.11,670,0,At Risk
16715,78,2,625.52,312.76,562,3,New
16716,266,3,2149.68,716.56,630,0,At Risk
16717,23,14,6663.68,475.9771,732,4,Loyal
16718,369,5,3006.08,601.216,733,0,At Risk
16719,14,14,3508.62,250.6157,726,4,Loyal
16720,26,3,566.74,188.9133,722,3,New
16721,262,1,292.47,292.47,262,1,Lost
16722,17,22,8189.56,372.2527,736,2,Champions
16723,91,4,1231.36,307.84,735,0,At Risk
16724,404,1,147.35,147.35,404,1,Lost
16725,302,13,1686.81,129.7546,726,0,At Risk
16726,26,7,2063.88,294.84,411,4,Loyal
16727,364,4,1377.77,344.4425,688,0,At Risk
16728,46,4,1048.28,262.07,264,3,New
16729,38,21,7202.01,342.9529,241,2,Champions
16730,52,3,743.11,247.7033,319,3,New
16731,648,1,170.3,170.3,648,1,Lost
16732,31,4,4387.64,1096.91,731,4,Loyal
16733,529,1,259.68,259.68,529,1,Lost
16734,52,3,646.76,215.5867,114,3,New
16735,78,14,6217.41,444.1007,731,4,Loyal
16736,505,5,2956.56,591.312,736,0,At Risk
16737,53,2,835.2,417.6,577,3,New
16738,297,1,3.75,3.75,297,1,Lost
16739,176,2,786.43,393.215,536,0,At Risk
16740,395,1,226.91,226.91,395,1,Lost
16741,625,1,173.06,173.06,625,1,Lost
16742,492,13,2334.97,179.6131,723,0,At Risk
16743,29,14,4212.15,300.8679,596,4,Loyal
16744,11,7,1291.91,184.5586,173,4,Loyal
16745,86,17,7180.7,422.3941,311,4,Loyal
16746,4,42,18045.05,429.644,735,2,Champions
16747,37,2,836.06,418.03,67,3,New
16748,17,14,3637.33,259.8093,729,4,Loyal
16749,591,2,4157.88,2078.94,724,0,At Risk
16750,44,5,623.93,124.786,232,3,New
16751,30,1,1764.72,1764.72,30,3,New
16752,372,1,207.5,207.5,372,1,Lost
16753,58,1,223.92,223.92,58,3,New
16754,372,29,65500.07,2258.6231,641,2,Champions
16755,114,7,2864.68,409.24,730,4,Loyal
16756,214,7,1312.37,187.4814,640,0,At Risk
16757,318,2,270.48,135.24,409,1,Lost
16758,65,1,369.34,369.34,65,3,New
16759,7,3,789.79,263.2633,30,3,New
16760,430,1,228.0,228.0,430,1,Lost
16761,96,1,316.62,316.62,96,1,Lost
16762,19,3,1207.24,402.4133,144,3,New
16763,198,2,964.7,482.35,738,0,At Risk
16764,3,13,2790.95,214.6885,143,4,Loyal
16765,294,2,454.75,227.375,382,1,Lost
16766,273,2,1145.6,572.8,273,0,At Risk
16767,30,15,8052.41,536.8273,590,4,Loyal
16768,47,9,1698.57,188.73,732,4,Loyal
16769,260,4,1117.05,279.2625,725,0,At Risk
16770,57,9,1778.93,197.6589,474,4,Loyal
16771,33,10,3921.1,392.11,730,4,Loyal
16772,423,3,3698.05,1232.6833,721,0,At Risk
16773,57,3,421.24,140.4133,733,3,New
16774,67,8,1567.48,195.935,661,4,Loyal
16775,10,16,2820.84,176.3025,442,4,Loyal
16776,60,2,592.51,296.255,415,3,New
16777,80,5,1292.18,258.436,632,0,At Risk
16778,74,2,245.94,122.97,274,3,New
16779,2,53,32809.03,619.0383,736,2,Champions
16780,100,3,596.4,198.8,407,0,At Risk
16781,372,2,623.0,311.5,669,0,At Risk
16782,10,38,9636.12,253.5821,730,2,Champions
16783,436,1,391.95,391.95,436,1,Lost
16784,19,5,892.33,178.466,621,3,New
16785,409,1,533.78,533.78,409,1,Lost
16786,393,1,51.84,51.84,393,1,Lost
16787,397,4,1017.53,254.3825,698,0,At Risk
16788,123,5,1927.28,385.456,670,0,At Risk
16789,8,1,80.8,80.8,8,3,New
16790,3,6,1545.62,257.6033,37,4,Loyal
16791,29,15,3944.88,262.992,736,4,Loyal
16792,282,5,623.46,124.692,704,0,At Risk
16793,57,1,243.84,243.84,57,3,New
16794,1,15,2050.68,136.712,624,2,Champions
16795,365,3,2062.41,687.47,683,0,At Risk
16796,89,1,305.62,305.62,89,1,Lost
16797,393,5,1802.02,360.404,737,0,At Risk
16798,554,3,841.16,280.3867,729,0,At Risk
16799,432,2,452.78,226.39,453,1,Lost
16800,11,1,1162.65,1162.65,11,3,New
16801,163,4,1594.23,398.5575,273,0,At Risk
16802,679,2,582.61,291.305,730,1,Lost
16803,65,1,332.3,332.3,65,3,New
16804,23,3,536.99,178.9967,270,3,New
16805,173,4,1076.34,269.085,725,0,At Risk
16806,103,4,736.21,184.0525,239,0,At Risk
16807,142,6,2123.88,353.98,623,0,At Risk
16808,99,2,288.42,144.21,274,1,Lost
16809,23,9,1727.43,191.9367,605,4,Loyal
16810,192,2,842.04,421.02,420,0,At Risk
16811,4,2,547.07,273.535,17,3,New
16812,360,4,2392.0,598.0,382,0,At Risk
16813,8,10,1652.18,165.218,204,4,Loyal
16814,14,36,11914.95,330.9708,607,2,Champions
16815,453,2,406.02,203.01,536,1,Lost
16816,103,4,417.06,104.265,358,0,At Risk
16817,2,13,2560.7,196.9769,431,2,Champions
16818,10,11,3349.57,304.5064,205,4,Loyal
16819,465,2,182.59,91.295,465,1,Lost
16820,95,1,497.61,497.61,95,1,Lost
16821,381,1,113.35,113.35,381,1,Lost
16822,686,1,181.39,181.39,686,1,Lost
16823,227,7,2243.09,320.4414,737,0,At Risk
16824,15,3,686.24,228.7467,393,3,New
16825,38,5,1826.89,365.378,534,4,Loyal
16826,51,1,341.7,341.7,51,3,New
16827,393,5,387.18,77.436,589,0,At Risk
16828,112,1,113.5,113.5,112,1,Lost
16829,156,2,513.32,256.66,388,0,At Risk
16830,38,4,1207.5,301.875,726,3,New
16831,564,1,91.8,91.8,564,1,Lost
16832,184,5,417.61,83.522,458,0,At Risk
16833,1,6,2409.04,401.5067,623,4,Loyal
16834,227,2,898.96,449.48,674,0,At Risk
16835,128,6,1456.66,242.7767,569,0,At Risk
16836,39,4,782.37,195.5925,574,3,New
16837,31,11,3170.98,288.2709,245,4,Loyal
16838,197,4,1159.61,289.9025,663,0,At Risk
16839,8,44,21758.25,494.5057,666,2,Champions
16840,603,2,139.85,69.925,674,1,Lost
16841,36,12,4006.06,333.8383,696,4,Loyal
16842,100,3,1264.19,421.3967,302,0,At Risk
16843,42,35,19571.43,559.1837,729,2,Champions
16844,562,2,614.34,307.17,582,0,At Risk
16845,618,1,253.88,253.88,618,1,Lost
16846,50,3,842.41,280.8033,639,3,New
16847,43,2,614.89,307.445,618,3,New
16848,52,4,1411.62,352.905,432,0,At Risk
16849,186,1,124.57,124.57,186,1,Lost
16850,333,1,332.41,332.41,333,1,Lost
16851,4,3,342.45,114.15,51,3,New
16852,10,2,144.91,72.455,176,3,New
16854,417,2,1408.96,704.48,640,0,At Risk
16855,23,2,328.4,164.2,43,3,New
16856,14,3,358.49,119.4967,442,3,New
16857,442,1,352.8,352.8,442,1,Lost
16858,368,10,4292.59,429.259,724,0,At Risk
16859,144,7,1932.41,276.0586,645,0,At Risk
16860,452,3,1610.62,536.8733,662,0,At Risk
16861,59,5,946.59,189.318,508,0,At Risk
16862,547,4,662.33,165.5825,701,0,At Risk
16863,31,3,834.27,278.09,409,3,New
16864,434,2,409.25,204.625,598,1,Lost
16865,401,1,130.95,130.95,401,1,Lost
16866,140,3,207.74,69.2467,161,1,Lost
16867,689,1,76.74,76.74,689,1,Lost
16868,394,3,384.56,128.1867,593,1,Lost
16869,22,4,817.12,204.28,175,3,New
16870,469,1,450.16,450.16,469,1,Lost
16871,22,6,2812.34,468.7233,270,4,Loyal
16872,77,6,1213.13,202.1883,463,0,At Risk
16873,4,12,14617.39,1218.1158,668,2,Champions
16874,379,1,209.89,209.89,379,1,Lost
16875,67,11,4234.53,384.9573,703,4,Loyal
16876,403,1,136.01,136.01,403,1,Lost
16877,12,6,846.62,141.1033,208,3,New
16878,84,1,13.3,13.3,84,1,Lost
16880,30,8,1813.21,226.6512,493,4,Loyal
16881,66,1,432.0,432.0,66,3,New
16882,66,3,705.12,235.04,317,3,New
16883,187,19,2246.06,118.2137,735,4,Loyal
16884,37,4,1070.97,267.7425,570,3,New
16885,15,4,683.35,170.8375,385,3,New
16886,456,1,134.0,134.0,456,1,Lost
16887,35,3,658.17,219.39,738,3,New
16888,400,3,434.2,144.7333,701,0,At Risk
16889,194,6,2526.65,421.1083,565,0,At Risk
16890,476,3,277.91,92.6367,582,1,Lost
16891,1,11,1727.94,157.0855,735,4,Loyal
16892,1,7,754.75,107.8214,731,3,New
16893,366,2,249.47,124.735,376,1,Lost
16894,502,3,1306.96,435.6533,535,0,At Risk
16895,64,5,1102.9,220.58,665,0,At Risk
16896,555,1,103.95,103.95,555,1,Lost
16897,299,2,289.78,144.89,313,1,Lost
16898,26,5,885.21,177.042,576,3,New
16899,7,8,1695.77,211.9712,397,4,Loyal
16900,16,3,882.16,294.0533,63,3,New
16901,729,1,204.26,204.26,729,1,Lost
16902,116,1,1706.88,1706.88,116,0,At Risk
16903,29,3,1041.75,347.25,415,3,New
16904,4,20,4656.56,232.828,411,2,Champions
16905,5,17,4704.27,276.7218,729,2,Champions
16906,81,7,1410.07,201.4386,575,4,Loyal
16907,29,9,1470.89,163.4322,526,4,Loyal
16908,722,1,252.59,252.59,722,1,Lost
16909,72,1,379.14,379.14,72,3,New
16910,4,8,1508.96,188.62,91,4,Loyal
16911,635,2,255.25,127.625,661,1,Lost
16912,28,15,4460.51,297.3673,730,4,Loyal
16913,290,3,423.91,141.3033,651,0,At Risk
16914,36,1,183.76,183.76,36,3,New
16915,9,11,1543.18,140.2891,569,4,Loyal
16916,23,4,896.12,224.03,415,3,New
16917,276,2,1851.88,925.94,632,0,At Risk
16918,49,16,3206.54,200.4088,736,4,Loyal
16919,156,24,4909.66,204.5692,477,4,Loyal
16920,411,1,355.45,355.45,411,1,Lost
16921,61,3,409.21,136.4033,600,3,New
16922,572,1,611.08,611.08,572,1,Lost
16923,12,32,13157.13,411.1603,677,2,Champions
16924,21,3,829.89,276.63,84,3,New
16925,540,1,125.65,125.65,540,1,Lost
16926,371,5,1169.61,233.922,526,0,At Risk
16927,115,3,543.05,181.0167,361,0,At Risk
16928,80,26,3798.08,146.08,674,4,Loyal
16929,3,7,1295.39,185.0557,155,4,Loyal
16930,26,3,378.89,126.2967,68,3,New
16931,5,23,5032.22,218.7922,397,2,Champions
16932,53,3,412.55,137.5167,571,3,New
16933,1,9,3099.3,344.3667,730,4,Loyal
16934,54,6,2083.14,347.19,621,4,Loyal
16935,381,3,530.86,176.9533,421,0,At Risk
16936,25,2,548.29,274.145,385,3,New
16937,499,1,196.25,196.25,499,1,Lost
16938,8,9,6995.36,777.2622,660,4,Loyal
16939,488,3,433.85,144.6167,649,0,At Risk
16940,52,8,6427.66,803.4575,731,4,Loyal
16941,611,1,33.0,33.0,611,1,Lost
16942,12,9,1904.99,211.6656,227,4,Loyal
16943,211,3,816.73,272.2433,318,0,At Risk
16944,609,1,101.36,101.36,609,1,Lost
16945,21,33,8548.16,259.0352,730,2,Champions
16946,383,5,1222.04,244.408,647,0,At Risk
16947,235,4,946.71,236.6775,646,0,At Risk
16948,138,7,868.77,124.11,656,0,At Risk
16949,3,6,1286.27,214.3783,316,4,Loyal
16950,56,10,3533.77,353.377,684,4,Loyal
16951,134,3,1277.75,425.9167,304,0,At Risk
16952,109,5,795.83,159.166,728,0,At Risk
16953,30,1,20.8,20.8,30,1,Lost
16954,0,20,6081.88,304.094,690,2,Champions
16955,184,6,1120.31,186.7183,677,0,At Risk
16956,17,1,308.74,308.74,17,3,New
16957,239,2,416.64,208.32,281,1,Lost
16958,435,1,778.49,778.49,435,1,Lost
16959,87,1,117.35,117.35,87,1,Lost
16960,38,8,1988.93,248.6162,647,4,Loyal
16961,116,3,794.56,264.8533,532,0,At Risk
16962,409,1,251.04,251.04,409,1,Lost
16963,187,1,110.55,110.55,187,1,Lost
16964,733,2,207.85,103.925,733,1,Lost
16965,226,1,192.07,192.07,226,1,Lost
16966,8,7,2154.97,307.8529,240,4,Loyal
16967,189,1,319.02,319.02,189,1,Lost
16968,4,2,439.43,219.715,107,3,New
16969,39,3,650.41,216.8033,191,3,New
16970,626,1,71.4,71.4,626,1,Lost
16971,38,1,357.21,357.21,38,3,New
16972,382,2,749.0,374.5,456,0,At Risk
16973,386,1,127.0,127.0,386,1,Lost
16974,522,2,365.5,182.75,564,1,Lost
16975,423,3,926.12,308.7067,505,0,At Risk
16976,267,1,251.52,251.52,267,1,Lost
16977,395,4,496.0,124.0,631,0,At Risk
16978,77,3,768.88,256.2933,666,0,At Risk
16979,3,9,2859.74,317.7489,450,4,Loyal
16980,255,3,1422.83,474.2767,428,0,At Risk
16982,60,1,384.06,384.06,60,3,New
16983,12,11,3490.53,317.3209,446,4,Loyal
16984,88,9,10350.53,1150.0589,642,4,Loyal
16985,17,23,10923.16,474.92,729,2,Champions
16986,29,11,4888.75,444.4318,673,4,Loyal
16987,3,11,2499.45,227.2227,737,4,Loyal
16988,5,2,382.67,191.335,379,3,New
16989,7,6,1133.25,188.875,150,4,Loyal
16990,218,2,344.0,172.0,422,1,Lost
16991,421,1,1041.21,1041.21,421,0,At Risk
16992,10,13,5476.5,421.2692,666,4,Loyal
16993,463,2,1950.95,975.475,576,0,At Risk
16996,30,9,2123.61,235.9567,417,4,Loyal
16997,288,3,702.0,234.0,325,0,At Risk
16998,149,5,402.0,80.4,444,0,At Risk
16999,23,2,484.82,242.41,74,3,New
17000,396,2,406.3,203.15,408,1,Lost
17001,0,19,6640.8,349.5158,624,2,Champions
17002,85,7,2571.55,367.3643,641,4,Loyal
17003,402,4,828.21,207.0525,578,0,At Risk
17004,46,4,2324.36,581.09,424,4,Loyal
17005,470,2,622.36,311.18,588,0,At Risk
17006,4,8,1635.27,204.4088,644,4,Loyal
17007,50,7,1120.1,160.0143,437,4,Loyal
17008,429,1,81.36,81.36,429,1,Lost
17009,551,1,242.06,242.06,551,1,Lost
17010,18,1,195.36,195.36,18,3,New
17011,30,3,671.7,223.9,651,3,New
17012,725,1,360.61,360.61,725,1,Lost
17014,8,3,583.43,194.4767,66,3,New
17015,28,3,1838.61,612.87,185,3,New
17016,576,1,552.4,552.4,576,1,Lost
17017,2,29,12576.99,433.6893,736,2,Champions
17018,40,6,2287.7,381.2833,734,4,Loyal
17019,11,11,3586.99,326.09,737,4,Loyal
17020,542,2,935.62,467.81,646,0,At Risk
17021,442,6,1182.22,197.0367,589,0,At Risk
17022,31,2,260.0,130.0,432,3,New
17023,417,3,800.18,266.7267,697,0,At Risk
17024,45,3,95.85,31.95,157,3,New
17025,60,5,1349.67,269.934,641,0,At Risk
17026,185,3,175.83,58.61,417,1,Lost
17027,78,9,1310.63,145.6256,729,4,Loyal
17028,581,3,1593.83,531.2767,721,0,At Risk
17029,110,7,2137.3,305.3286,663,4,Loyal
17030,63,1,146.87,146.87,63,1,Lost
17031,11,6,2773.85,462.3083,581,4,Loyal
17032,603,5,2896.69,579.338,729,0,At Risk
17033,86,4,1332.79,333.1975,397,0,At Risk
17034,16,5,1276.42,255.284,513,4,Loyal
17035,245,4,613.59,153.3975,736,0,At Risk
17036,383,1,176.9,176.9,383,1,Lost
17037,87,1,1267.32,1267.32,87,0,At Risk
17038,30,2,743.17,371.585,415,3,New
17039,604,1,1954.99,1954.99,604,0,At Risk
17040,137,2,463.25,231.625,550,0,At Risk
17041,26,6,1655.2,275.8667,600,4,Loyal
17042,2,5,1036.58,207.316,247,3,New
17043,32,8,2593.65,324.2062,730,4,Loyal
17044,25,12,11962.3,996.8583,732,4,Loyal
17045,113,5,827.68,165.536,429,0,At Risk
17046,157,5,1906.07,381.214,620,0,At Risk
17047,85,6,2289.23,381.5383,731,4,Loyal
17048,117,7,2071.68,295.9543,690,4,Loyal
17049,2,19,9942.53,523.2911,645,2,Champions
17050,96,10,4348.46,434.846,682,4,Loyal
17051,194,4,706.49,176.6225,628,0,At Risk
17052,28,1,399.09,399.09,28,3,New
17053,130,1,498.48,498.48,130,1,Lost
17054,28,5,1356.33,271.266,245,4,Loyal
17055,445,1,232.85,232.85,445,1,Lost
17056,738,1,128.6,128.6,738,1,Lost
17057,596,1,288.79,288.79,596,1,Lost
17058,81,3,1179.89,393.2967,239,0,At Risk
17059,29,9,4864.57,540.5078,682,4,Loyal
17060,266,1,234.24,234.24,266,1,Lost
17061,73,11,5232.23,475.6573,232,4,Loyal
17062,313,6,884.71,147.4517,439,0,At Risk
17063,21,13,3638.53,279.8869,738,4,Loyal
17064,58,3,855.45,285.15,327,3,New
17065,637,2,194.7,97.35,637,1,Lost
17066,726,1,228.34,228.34,726,1,Lost
17067,724,3,454.54,151.5133,731,0,At Risk
17068,12,47,8980.18,191.0677,621,2,Champions
17069,28,14,5517.23,394.0879,736,4,Loyal
17070,114,2,437.42,218.71,410,1,Lost
17071,28,13,3793.71,291.8238,684,4,Loyal
17072,625,1,273.35,273.35,625,1,Lost
17073,17,4,1444.84,361.21,109,3,New
17074,562,1,203.05,203.05,562,1,Lost
17075,17,10,2236.63,223.663,725,4,Loyal
17076,36,6,1242.75,207.125,735,4,Loyal
17077,578,1,306.0,306.0,578,1,Lost
17078,36,2,375.86,187.93,36,3,New
17079,78,1,118.8,118.8,78,1,Lost
17080,22,7,957.53,136.79,526,4,Loyal
17081,25,6,949.39,158.2317,655,4,Loyal
17082,33,6,4732.03,788.6717,724,4,Loyal
17083,109,9,4049.79,449.9767,668,4,Loyal
17084,35,3,5001.21,1667.07,396,4,Loyal
17085,123,28,7839.27,279.9739,733,4,Loyal
17086,7,6,2050.08,341.68,63,4,Loyal
17087,737,1,221.53,221.53,737,1,Lost
17088,28,4,1991.01,497.7525,253,4,Loyal
17089,386,1,128.45,128.45,386,1,Lost
17090,4,13,3080.18,236.9369,508,4,Loyal
17091,2,19,7495.75,394.5132,723,2,Champions
17092,50,11,5511.41,501.0373,675,4,Loyal
17093,592,1,235.88,235.88,592,1,Lost
17094,322,2,402.2,201.1,423,1,Lost
17095,22,7,2572.25,367.4643,724,4,Loyal
17096,15,11,3697.93,336.1755,555,4,Loyal
17097,2,9,1143.36,127.04,430,4,Loyal
17098,381,3,591.07,197.0233,540,0,At Risk
17099,533,1,582.17,582.17,533,1,Lost
17100,18,2,971.74,485.87,18,3,New
17101,10,7,2507.05,358.15,550,4,Loyal
17102,261,1,25.5,25.5,261,1,Lost
17103,722,1,424.3,424.3,722,1,Lost
17104,423,1,474.03,474.03,423,1,Lost
17105,159,2,665.78,332.89,306,0,At Risk
17106,389,1,481.58,481.58,389,1,Lost
17107,33,10,16052.72,1605.272,677,4,Loyal
17108,663,1,174.95,174.95,663,1,Lost
17109,29,8,1291.71,161.4638,497,4,Loyal
17110,165,3,499.9,166.6333,610,0,At Risk
17111,47,2,459.58,229.79,425,3,New
17112,502,1,197.57,197.57,502,1,Lost
17113,574,6,2305.59,384.265,697,0,At Risk
17114,5,8,801.12,100.14,334,4,Loyal
17115,8,7,2761.49,394.4986,734,4,Loyal
17116,648,1,389.78,389.78,648,1,Lost
17117,288,1,116.2,116.2,288,1,Lost
17118,317,1,157.02,157.02,317,1,Lost
17119,3,2,606.91,303.455,59,3,New
17120,233,1,307.46,307.46,233,1,Lost
17121,402,1,314.74,314.74,402,1,Lost
17122,119,4,570.5,142.625,499,0,At Risk
17123,161,3,966.67,322.2233,572,0,At Risk
17124,185,1,294.24,294.24,185,1,Lost
17125,50,1,230.5,230.5,50,3,New
17126,152,9,2008.93,223.2144,465,4,Loyal
17127,428,5,1155.03,231.006,735,0,At Risk
17128,334,1,157.09,157.09,334,1,Lost
17129,520,1,31.85,31.85,520,1,Lost
17131,5,5,2463.17,492.634,75,4,Loyal
17132,452,2,1220.91,610.455,488,0,At Risk
17133,15,12,14622.33,1218.5275,628,2,Champions
17134,106,3,625.3,208.4333,442,0,At Risk
17135,16,10,1716.38,171.638,579,4,Loyal
17136,662,1,231.68,231.68,662,1,Lost
17137,416,6,1099.81,183.3017,677,0,At Risk
17138,275,7,4417.27,631.0386,673,0,At Risk
17139,15,25,19566.76,782.6704,697,2,Champions
17140,247,1,454.12,454.12,247,1,Lost
17141,418,4,727.58,181.895,684,0,At Risk
17142,239,4,1275.25,318.8125,684,0,At Risk
17143,417,2,880.97,440.485,515,0,At Risk
17144,1,2,984.57,492.285,84,3,New
17145,512,4,3120.91,780.2275,658,0,At Risk
17146,105,13,5852.64,450.2031,675,4,Loyal
17147,22,9,3199.95,355.55,697,4,Loyal
17148,51,1,124.88,124.88,51,1,Lost
17149,451,1,143.1,143.1,451,1,Lost
17150,376,6,1357.95,226.325,733,0,At Risk
17151,735,1,231.9,231.9,735,1,Lost
17152,194,4,2016.5,504.125,425,0,At Risk
17153,24,1,213.78,213.78,24,3,New
17154,75,1,329.34,329.34,75,1,Lost
17155,17,7,892.46,127.4943,736,4,Loyal
17156,491,1,591.87,591.87,491,1,Lost
17157,7,19,5151.9,271.1526,735,2,Champions
17158,32,5,1980.0,396.0,642,4,Loyal
17159,21,5,2099.59,419.918,645,4,Loyal
17160,31,17,10209.16,600.5388,735,2,Champions
17161,444,1,856.01,856.01,444,1,Lost
17162,28,10,1715.46,171.546,305,4,Loyal
17163,21,4,699.78,174.945,675,3,New
17164,32,7,2467.35,352.4786,273,4,Loyal
17165,284,6,1794.32,299.0533,728,0,At Risk
17166,38,2,206.34,103.17,203,3,New
17167,379,3,867.11,289.0367,445,0,At Risk
17168,498,1,400.2,400.2,498,1,Lost
17169,57,3,1156.73,385.5767,578,3,New
17170,374,2,178.68,89.34,389,1,Lost
17171,289,2,384.59,192.295,661,1,Lost
17172,78,3,956.57,318.8567,726,0,At Risk
17173,5,8,3766.6,470.825,131,4,Loyal
17174,217,1,59.9,59.9,217,1,Lost
17175,44,4,1443.69,360.9225,296,3,New
17176,201,3,902.32,300.7733,677,0,At Risk
17177,505,1,119.5,119.5,505,1,Lost
17178,731,1,432.96,432.96,731,1,Lost
17179,178,6,1507.26,251.21,562,0,At Risk
17180,56,11,2236.77,203.3427,687,4,Loyal
17181,57,3,309.85,103.2833,595,3,New
17182,422,2,321.3,160.65,718,1,Lost
17183,7,6,3347.31,557.885,105,4,Loyal
17184,569,2,198.41,99.205,730,1,Lost
17185,591,3,229.46,76.4867,598,1,Lost
17186,46,2,144.0,72.0,60,3,New
17187,226,2,467.71,233.855,526,1,Lost
17188,11,13,4592.93,353.3023,731,4,Loyal
17189,106,5,953.63,190.726,737,0,At Risk
17190,58,7,1724.73,246.39,644,4,Loyal
17191,28,15,4310.34,287.356,738,4,Loyal
17192,536,1,75.28,75.28,536,1,Lost
17193,35,9,2310.04,256.6711,737,4,Loyal
17194,360,2,776.66,388.33,530,0,At Risk
17195,655,1,562.98,562.98,655,1,Lost
17196,427,1,327.75,327.75,427,1,Lost
17197,29,1,1013.01,1013.01,29,3,New
17198,23,3,692.22,230.74,371,3,New
17199,582,1,135.04,135.04,582,1,Lost
17200,387,4,356.71,89.1775,652,0,At Risk
17201,53,4,1132.6,283.15,667,3,New
17202,420,1,160.65,160.65,420,1,Lost
17203,35,10,5564.09,556.409,388,4,Loyal
17204,175,9,5504.69,611.6322,547,4,Loyal
17205,53,3,999.35,333.1167,564,3,New
17206,53,1,204.24,204.24,53,3,New
17207,652,1,291.77,291.77,652,1,Lost
17208,395,1,111.15,111.15,395,1,Lost
17209,649,3,595.7,198.5667,736,0,At Risk
17210,392,1,251.72,251.72,392,1,Lost
17211,26,13,3773.35,290.2577,726,4,Loyal
17212,253,3,794.41,264.8033,486,0,At Risk
17213,40,13,4869.4,374.5692,724,4,Loyal
17214,60,6,1059.12,176.52,359,4,Loyal
17215,464,1,186.15,186.15,464,1,Lost
17216,554,1,63.6,63.6,554,1,Lost
17217,234,2,210.1,105.05,619,1,Lost
17218,4,18,3889.39,216.0772,683,2,Champions
17219,31,2,259.13,129.565,416,3,New
17220,24,21,4451.41,211.9719,688,2,Champions
17221,7,5,976.62,195.324,607,3,New
17222,65,6,1563.61,260.6017,698,4,Loyal
17223,310,3,523.04,174.3467,375,0,At Risk
17224,501,1,100.86,100.86,501,1,Lost
17225,581,1,131.15,131.15,581,1,Lost
17226,308,3,895.47,298.49,665,0,At Risk
17227,18,12,1878.93,156.5775,693,4,Loyal
17228,15,13,2820.03,216.9254,637,4,Loyal
17229,96,2,318.76,159.38,142,1,Lost
17230,264,18,9388.49,521.5828,731,4,Loyal
17231,12,25,7064.8,282.592,732,2,Champions
17232,2,2,417.77,208.885,14,3,New
17233,35,3,560.86,186.9533,724,3,New
17234,182,1,149.89,149.89,182,1,Lost
17235,25,8,1562.98,195.3725,553,4,Loyal
17236,12,12,1929.26,160.7717,642,4,Loyal
17237,11,4,994.13,248.5325,381,3,New
17238,2,32,7331.17,229.0991,738,2,Champions
17239,312,4,1189.45,297.3625,526,0,At Risk
17240,596,1,130.6,130.6,596,1,Lost
17241,385,12,2736.64,228.0533,662,0,At Risk
17242,108,5,2889.28,577.856,684,0,At Risk
17243,1,69,20184.68,292.5316,738,2,Champions
17244,53,5,1826.04,365.208,733,4,Loyal
17245,204,2,371.63,185.815,689,1,Lost
17246,546,2,38.92,19.46,738,1,Lost
17247,15,1,280.09,280.09,15,3,New
17248,120,2,500.54,250.27,481,0,At Risk
17249,428,1,68.03,68.03,428,1,Lost
17250,3,2,381.97,190.985,261,3,New
17251,362,3,798.98,266.3267,724,0,At Risk
17252,116,2,348.91,174.455,186,1,Lost
17253,18,1,178.26,178.26,18,3,New
17254,4,3,469.48,156.4933,401,3,New
17255,40,4,781.7,195.425,446,3,New
17256,107,5,498.93,99.786,600,0,At Risk
17257,436,2,189.78,94.89,436,1,Lost
17258,396,2,417.3,208.65,665,1,Lost
17259,148,6,1452.39,242.065,655,0,At Risk
17260,411,1,120.95,120.95,411,1,Lost
17261,509,1,221.59,221.59,509,1,Lost
17262,52,11,2488.76,226.2509,724,4,Loyal
17263,208,1,63.44,63.44,208,1,Lost
17264,424,1,268.28,268.28,424,1,Lost
17265,138,2,550.01,275.005,180,0,At Risk
17266,2,5,501.72,100.344,640,3,New
17267,127,2,317.2,158.6,127,1,Lost
17268,107,11,1733.89,157.6264,731,4,Loyal
17269,385,1,491.81,491.81,385,1,Lost
17270,469,2,601.45,300.725,732,0,At Risk
17271,736,1,204.3,204.3,736,1,Lost
17272,42,4,2148.63,537.1575,262,4,Loyal
17273,424,1,141.12,141.12,424,1,Lost
17274,35,2,573.22,286.61,395,3,New
17275,383,1,114.1,114.1,383,1,Lost
17276,402,1,501.24,501.24,402,1,Lost
17277,227,2,1065.35,532.675,322,0,At Risk
17278,241,2,271.24,135.62,565,1,Lost
17279,57,1,187.83,187.83,57,3,New
17280,438,1,118.86,118.86,438,1,Lost
17281,374,6,797.85,132.975,673,0,At Risk
17282,130,5,2308.54,461.708,548,0,At Risk
17283,378,1,188.46,188.46,378,1,Lost
17284,60,7,2558.6,365.5143,389,4,Loyal
17285,628,2,400.44,200.22,663,1,Lost
17286,21,3,389.18,129.7267,400,3,New
17287,26,21,3826.86,182.2314,736,4,Loyal
17288,9,11,2468.43,224.4027,394,4,Loyal
17289,31,9,2041.8,226.8667,641,4,Loyal
17290,3,8,1427.48,178.435,726,4,Loyal
17291,308,1,550.8,550.8,308,1,Lost
17292,472,2,271.75,135.875,579,1,Lost
17293,8,17,3750.63,220.6253,736,2,Champions
17294,669,2,467.79,233.895,669,1,Lost
17295,28,3,547.0,182.3333,64,3,New
17296,730,1,338.13,338.13,730,1,Lost
17297,17,1,128.18,128.18,17,3,New
17298,101,5,938.36,187.672,641,0,At Risk
17299,11,6,993.23,165.5383,481,4,Loyal
17300,390,2,393.64,196.82,481,1,Lost
17301,21,2,294.39,147.195,624,3,New
17302,14,5,1135.63,227.126,305,3,New
17303,361,1,250.04,250.04,361,1,Lost
17304,534,1,111.5,111.5,534,1,Lost
17305,648,1,2135.46,2135.46,648,0,At Risk
17306,10,21,9782.35,465.8262,403,2,Champions
17307,395,11,3999.89,363.6264,689,0,At Risk
17308,393,2,4511.76,2255.88,452,0,At Risk
17309,95,3,320.39,106.7967,673,3,New
17310,387,2,1025.1,512.55,534,0,At Risk
17311,78,6,3566.56,594.4267,674,4,Loyal
17312,138,3,644.3,214.7667,159,0,At Risk
17313,31,1,2328.84,2328.84,31,3,New
17314,24,17,4904.43,288.4959,736,4,Loyal
17315,1,41,9559.5,233.1585,438,2,Champions
17316,420,1,124.45,124.45,420,1,Lost
17317,46,3,2600.34,866.78,89,4,Loyal
17318,725,1,157.33,157.33,725,1,Lost
17319,669,1,29.1,29.1,669,1,Lost
17320,100,6,2444.85,407.475,687,4,Loyal
17321,8,6,1665.21,277.535,577,4,Loyal
17322,376,5,922.59,184.518,736,0,At Risk
17323,15,12,1547.64,128.97,698,4,Loyal
17324,17,12,2171.07,180.9225,721,4,Loyal
17325,280,3,609.57,203.19,641,0,At Risk
17326,408,2,312.35,156.175,529,1,Lost
17327,409,2,152.35,76.175,562,1,Lost
17328,673,1,104.7,104.7,673,1,Lost
17329,14,5,998.53,199.706,736,3,New
17330,22,4,423.8,105.95,647,3,New
17331,123,1,175.2,175.2,123,1,Lost
17332,528,5,827.77,165.554,656,0,At Risk
17333,85,1,494.25,494.25,85,3,New
17334,302,3,635.15,211.7167,406,0,At Risk
17335,383,2,497.04,248.52,684,1,Lost
17336,472,1,81.12,81.12,472,1,Lost
17337,151,4,1979.61,494.9025,310,0,At Risk
17338,17,17,11880.54,698.8553,639,2,Champions
17339,94,3,302.36,100.7867,509,3,New
17340,29,18,19617.95,1089.8861,663,2,Champions
17341,156,5,1272.21,254.442,540,0,At Risk
17342,379,4,1227.54,306.885,669,0,At Risk
17343,355,6,1259.94,209.99,736,0,At Risk
17344,46,2,457.36,228.68,728,3,New
17345,15,10,1586.63,158.663,738,4,Loyal
17346,3,26,4991.41,191.9773,600,2,Champions
17347,86,1,228.96,228.96,86,1,Lost
17348,14,9,2430.99,270.11,639,4,Loyal
17349,179,5,772.41,154.482,631,0,At Risk
17350,8,7,1893.701,270.5287,676,4,Loyal
17351,36,12,1964.38,163.6983,729,4,Loyal
17352,696,1,36.25,36.25,696,1,Lost
17353,129,4,3242.0,810.5,624,0,At Risk
17354,50,4,3133.96,783.49,428,4,Loyal
17355,386,1,273.31,273.31,386,1,Lost
17356,311,5,946.47,189.294,688,0,At Risk
17357,24,2,384.39,192.195,24,3,New
17358,303,5,861.01,172.202,653,0,At Risk
17359,11,2,284.46,142.23,648,3,New
17360,17,6,1200.51,200.085,434,4,Loyal
17361,49,5,871.79,174.358,676,3,New
17362,239,7,1024.04,146.2914,702,0,At Risk
17363,395,3,920.46,306.82,402,0,At Risk
17364,0,27,11614.45,430.1648,732,2,Champions
17365,12,15,8179.45,545.2967,676,2,Champions
17366,432,2,1077.24,538.62,456,0,At Risk
17367,238,1,167.55,167.55,238,1,Lost
17368,23,14,2758.29,197.0207,724,4,Loyal
17369,455,1,979.2,979.2,455,0,At Risk
17370,72,4,446.18,111.545,169,3,New
17371,17,6,651.37,108.5617,731,3,New
17372,40,27,4316.46,159.8689,736,2,Champions
17373,40,7,1167.5,166.7857,649,4,Loyal
17374,218,3,727.11,242.37,395,0,At Risk
17375,199,4,660.55,165.1375,431,0,At Risk
17376,70,4,453.64,113.41,522,3,New
17377,23,78,17639.23,226.144,737,2,Champions
17378,374,1,10.95,10.95,374,1,Lost
17379,11,1,389.72,389.72,11,3,New
17380,434,3,645.0,215.0,534,0,At Risk
17381,8,38,36398.65,957.8592,548,2,Champions
17382,65,8,902.28,112.785,569,4,Loyal
17383,4,2,304.09,152.045,453,3,New
17384,19,3,507.55,169.1833,467,3,New
17385,14,1,256.11,256.11,14,3,New
17386,7,7,2812.77,401.8243,385,4,Loyal
17387,19,2,746.81,373.405,33,3,New
17388,77,11,2675.37,243.2155,729,4,Loyal
17389,0,61,57215.33,937.9562,735,2,Champions
17390,420,1,149.3,149.3,420,1,Lost
17391,163,2,508.8,254.4,164,0,At Risk
17392,306,3,579.92,193.3067,450,0,At Risk
17393,410,2,381.15,190.575,488,1,Lost
17394,219,1,203.87,203.87,219,1,Lost
17395,508,1,97.5,97.5,508,1,Lost
17396,39,13,8391.6,645.5077,441,4,Loyal
17397,22,3,1198.28,399.4267,416,3,New
17398,114,3,653.38,217.7933,255,0,At Risk
17400,126,8,4623.28,577.91,722,4,Loyal
17401,541,1,114.85,114.85,541,1,Lost
17402,4,22,4600.56,209.1164,723,2,Champions
17403,36,2,382.87,191.435,450,3,New
17404,4,21,47638.12,2268.4819,701,2,Champions
17405,1,3,1031.41,343.8033,150,3,New
17406,333,13,4186.95,322.0731,733,4,Loyal
17407,411,1,552.9,552.9,411,1,Lost
17408,163,3,316.09,105.3633,514,1,Lost
17409,184,10,7793.51,779.351,728,4,Loyal
17410,16,5,1214.72,242.944,215,4,Loyal
17411,12,5,1425.38,285.076,736,4,Loyal
17412,2,16,4220.22,263.7638,737,2,Champions
17413,404,2,560.14,280.07,569,0,At Risk
17414,43,6,2249.52,374.92,736,4,Loyal
17415,79,1,507.84,507.84,79,3,New
17416,29,22,17298.45,786.2932,725,2,Champions
17417,548,1,164.18,164.18,548,1,Lost
17418,42,3,670.06,223.3533,387,3,New
17419,11,18,6126.25,340.3472,683,2,Champions
17420,50,6,953.58,158.93,401,4,Loyal
17421,386,3,1059.41,353.1367,735,0,At Risk
17422,16,11,3594.76,326.7964,534,4,Loyal
17423,46,3,1118.95,372.9833,393,3,New
17425,19,2,759.17,379.585,60,3,New
17426,8,13,8077.77,621.3669,660,2,Champions
17427,71,1,100.8,100.8,71,1,Lost
17428,0,45,31466.76,699.2613,738,2,Champions
17429,128,5,1357.46,271.492,429,0,At Risk
17430,32,4,622.57,155.6425,479,3,New
17431,313,1,403.3,403.3,313,1,Lost
17432,18,9,1728.99,192.11,736,4,Loyal
17433,88,2,569.96,284.98,385,3,New
17434,2,7,2373.82,339.1171,85,4,Loyal
17435,411,1,331.35,331.35,411,1,Lost
17436,1,5,534.06,106.812,732,3,New
17437,529,1,369.68,369.68,529,1,Lost
17438,253,5,1422.77,284.554,641,0,At Risk
17439,655,1,325.74,325.74,655,1,Lost
17440,156,4,323.58,80.895,549,0,At Risk
17441,732,1,293.35,293.35,732,1,Lost
17442,36,15,4620.3,308.02,662,4,Loyal
17443,219,1,534.24,534.24,219,1,Lost
17444,151,2,2389.1,1194.55,172,0,At Risk
17446,176,2,120.9,60.45,310,1,Lost
17447,40,2,541.53,270.765,71,3,New
17448,529,41,14448.67,352.4066,645,2,Champions
17449,2,13,4865.15,374.2423,730,2,Champions
17450,8,51,244784.25,4799.6912,438,2,Champions
17451,1,7,1721.4,245.9143,105,4,Loyal
17453,17,2,486.72,243.36,64,3,New
17454,192,10,1547.94,154.794,693,0,At Risk
17455,203,1,131.7,131.7,203,1,Lost
17456,365,2,975.56,487.78,456,0,At Risk
17457,126,14,5984.81,427.4864,732,4,Loyal
17458,15,2,529.58,264.79,381,3,New
17459,43,2,657.3,328.65,60,3,New
17460,94,16,2157.97,134.8731,686,4,Loyal
17461,22,3,735.82,245.2733,29,3,New
17462,60,2,675.69,337.845,284,3,New
17463,16,7,2535.26,362.18,589,4,Loyal
17464,158,3,907.14,302.38,619,0,At Risk
17465,425,7,2542.79,363.2557,736,0,At Risk
17466,10,2,763.28,381.64,78,3,New
17467,395,1,102.6,102.6,395,1,Lost
17468,10,3,194.8,64.9333,375,3,New
17469,16,17,5051.25,297.1324,723,2,Champions
17470,44,11,2626.47,238.77,508,4,Loyal
17471,474,1,321.65,321.65,474,1,Lost
17472,191,4,922.35,230.5875,628,0,At Risk
17473,408,2,607.0,303.5,456,0,At Risk
17474,599,1,1047.0,1047.0,599,0,At Risk
17475,79,1,194.37,194.37,79,1,Lost
17476,395,2,489.86,244.93,737,1,Lost
17477,612,2,1144.3,572.15,647,0,At Risk
17478,408,2,1272.8,636.4,633,0,At Risk
17479,632,1,389.26,389.26,632,1,Lost
17480,77,2,882.23,441.115,444,3,New
17481,3,4,1255.59,313.8975,93,3,New
17482,487,2,775.64,387.82,578,0,At Risk
17483,65,4,591.73,147.9325,414,3,New
17484,576,2,209.57,104.785,624,1,Lost
17486,261,1,396.87,396.87,261,1,Lost
17487,728,1,160.55,160.55,728,1,Lost
17488,641,1,336.5,336.5,641,1,Lost
17489,58,2,376.64,188.32,212,3,New
17490,0,9,2750.5,305.6111,569,2,Champions
17491,1,17,5653.67,332.5688,590,2,Champions
17492,248,3,1122.42,374.14,518,0,At Risk
17493,385,1,100.91,100.91,385,1,Lost
17494,501,1,54.7,54.7,501,1,Lost
17495,7,3,806.72,268.9067,390,3,New
17496,358,4,1412.89,353.2225,694,0,At Risk
17497,390,2,287.25,143.625,610,1,Lost
17498,75,1,272.22,272.22,75,1,Lost
17499,289,2,1341.39,670.695,561,0,At Risk
17500,17,3,1138.0,379.3333,29,3,New
17501,220,2,288.6,144.3,220,1,Lost
17502,9,4,689.1,172.275,29,3,New
17503,2,2,558.96,279.48,38,3,New
17504,206,18,9490.17,527.2317,669,4,Loyal
17505,161,5,2435.48,487.096,605,0,At Risk
17506,75,1,302.2,302.2,75,1,Lost
17507,261,2,605.58,302.79,309,0,At Risk
17508,280,8,4579.23,572.4037,732,0,At Risk
17509,57,8,6083.64,760.455,63,4,Loyal
17510,24,2,514.56,257.28,420,3,New
17511,2,60,172132.87,2868.8812,737,2,Champions
17512,28,18,5467.82,303.7678,729,4,Loyal
17513,72,3,1158.8,386.2667,479,0,At Risk
17514,128,2,522.0,261.0,669,0,At Risk
17515,31,9,1602.51,178.0567,550,4,Loyal
17516,15,6,947.5,157.9167,378,4,Loyal
17517,308,1,153.94,153.94,308,1,Lost
17518,425,2,329.42,164.71,621,1,Lost
17519,17,15,4774.17,318.278,738,4,Loyal
17520,53,1,546.81,546.81,53,3,New
17521,29,5,1278.06,255.612,434,4,Loyal
17522,1,5,1066.15,213.23,218,3,New
17523,11,4,652.74,163.185,19,3,New
17524,361,3,539.14,179.7133,438,0,At Risk
17525,359,3,1161.9,387.3,428,0,At Risk
17526,4,12,3939.24,328.27,722,4,Loyal
17527,53,4,939.37,234.8425,218,3,New
17528,1,8,3628.5,453.5625,71,4,Loyal
17529,610,2,1240.25,620.125,697,0,At Risk
17530,1,12,2787.1,232.2583,733,2,Champions
17531,190,3,1266.82,422.2733,618,0,At Risk
17532,385,1,65.34,65.34,385,1,Lost
17533,434,1,34.8,34.8,434,1,Lost
17534,53,5,1668.83,333.766,652,4,Loyal
17535,280,1,164.4,164.4,280,1,Lost
17536,177,3,364.83,121.61,682,0,At Risk
17537,29,2,887.67,443.835,303,3,New
17538,25,1,98.42,98.42,25,3,New
17539,628,3,1161.84,387.28,726,0,At Risk
17540,24,6,1590.6,265.1,599,4,Loyal
17541,509,1,119.86,119.86,509,1,Lost
17542,269,3,340.85,113.6167,641,1,Lost
17543,549,1,120.05,120.05,549,1,Lost
17544,390,3,944.82,314.94,390,0,At Risk
17545,43,6,1409.86,234.9767,577,4,Loyal
17547,375,2,727.85,363.925,665,0,At Risk
17548,233,4,731.26,182.815,396,0,At Risk
17549,23,2,148.86,74.43,51,3,New
17550,197,9,2506.64,278.5156,670,0,At Risk
17551,359,1,290.34,290.34,359,1,Lost
17552,60,12,2786.77,232.2308,627,4,Loyal
17553,129,4,3757.6,939.4,610,0,At Risk
17554,1,5,1952.45,390.49,148,4,Loyal
17555,19,5,1045.74,209.148,586,3,New
17556,205,2,300.67,150.335,379,1,Lost
17557,14,4,575.46,143.865,732,3,New
17558,393,1,259.17,259.17,393,1,Lost
17559,512,1,167.62,167.62,512,1,Lost
17560,94,8,1895.8,236.975,660,4,Loyal
17561,19,4,703.02,175.755,733,3,New
17562,14,7,1122.38,160.34,173,4,Loyal
17563,578,2,392.38,196.19,611,1,Lost
17564,24,3,454.01,151.3367,80,3,New
17565,586,1,131.83,131.83,586,1,Lost
17566,8,2,869.77,434.885,25,3,New
17567,7,9,4838.08,537.5644,441,4,Loyal
17568,633,1,374.45,374.45,633,1,Lost
17569,332,1,344.14,344.14,332,1,Lost
17571,50,5,1629.66,325.932,542,4,Loyal
17572,71,10,652.21,65.221,724,4,Loyal
17573,29,3,380.6,126.8667,93,3,New
17574,242,1,185.65,185.65,242,1,Lost
17575,667,1,171.7,171.7,667,1,Lost
17576,8,41,8705.6,212.3317,736,2,Champions
17577,645,2,348.75,174.375,668,1,Lost
17578,218,7,1047.33,149.6186,529,0,At Risk
17579,4,4,753.28,188.32,578,3,New
17580,252,5,538.07,107.614,422,0,At Risk
17581,0,43,17951.17,417.4691,736,2,Champions
17582,236,5,1446.95,289.39,623,0,At Risk
17583,560,1,135.95,135.95,560,1,Lost
17584,7,6,5309.42,884.9033,683,4,Loyal
17585,109,7,2064.71,294.9586,478,4,Loyal
17586,619,1,167.4,167.4,619,1,Lost
17587,628,1,173.76,173.76,628,1,Lost
17588,100,7,2939.55,419.9357,637,4,Loyal
17589,60,18,13806.27,767.015,642,2,Champions
17590,2,3,1466.77,488.9233,40,3,New
17591,73,8,2339.32,292.415,691,4,Loyal
17592,738,1,148.3,148.3,738,1,Lost
17593,3,11,8092.32,735.6655,735,2,Champions
17594,85,4,2497.88,624.47,604,0,At Risk
17595,12,2,386.69,193.345,37,3,New
17596,23,13,4491.46,345.4969,724,4,Loyal
17597,213,5,3484.09,696.818,583,0,At Risk
17598,381,1,409.98,409.98,381,1,Lost
17599,477,1,52.05,52.05,477,1,Lost
17600,17,1,161.67,161.67,17,3,New
17601,239,2,412.66,206.33,380,1,Lost
17602,2,14,7354.43,525.3164,619,2,Champions
17603,78,4,1788.38,447.095,729,0,At Risk
17604,217,6,942.38,157.0633,681,0,At Risk
17605,590,1,160.75,160.75,590,1,Lost
17606,737,1,87.3,87.3,737,1,Lost
17607,376,1,333.81,333.81,376,1,Lost
17608,33,4,488.06,122.015,607,3,New
17609,40,11,1875.36,170.4873,609,4,Loyal
17610,540,5,1511.94,302.388,733,0,At Risk
17611,7,28,8287.53,295.9832,738,2,Champions
17612,53,18,5394.86,299.7144,722,4,Loyal
17613,22,14,4544.55,324.6107,305,4,Loyal
17614,57,1,386.32,386.32,57,3,New
17615,130,6,721.8,120.3,485,0,At Risk
17616,173,4,734.4,183.6,451,0,At Risk
17617,558,1,385.19,385.19,558,1,Lost
17618,5,11,4001.64,363.7855,684,4,Loyal
17619,312,1,214.37,214.37,312,1,Lost
17620,59,1,81.44,81.44,59,1,Lost
17621,21,6,3175.12,529.1867,431,4,Loyal
17622,597,2,1130.21,565.105,598,0,At Risk
17623,32,7,2365.77,337.9671,725,4,Loyal
17624,14,4,1568.63,392.1575,719,3,New
17625,18,8,5978.9,747.3625,724,4,Loyal
17626,602,1,254.0,254.0,602,1,Lost
17627,478,1,296.36,296.36,478,1,Lost
17628,81,1,75.75,75.75,81,1,Lost
17629,5,10,2455.52,245.552,421,4,Loyal
17630,169,2,503.6,251.8,232,0,At Risk
17631,1,7,998.49,142.6414,730,4,Loyal
17633,31,7,2057.39,293.9129,389,4,Loyal
17634,36,9,2358.59,262.0656,337,4,Loyal
17635,424,3,1265.58,421.86,590,0,At Risk
17636,19,1,285.56,285.56,19,3,New
17637,31,2,547.06,273.53,115,3,New
17638,647,2,842.4,421.2,721,0,At Risk
17639,276,6,615.17,102.5283,483,0,At Risk
17640,86,6,3168.94,528.1567,626,4,Loyal
17642,119,5,1824.49,364.898,734,0,At Risk
17643,373,2,439.7,219.85,505,1,Lost
17644,1,20,6028.6,301.43,661,2,Champions
17646,219,12,3898.79,324.8992,723,4,Loyal
17647,65,3,331.66,110.5533,669,3,New
17648,60,5,2216.37,443.274,385,4,Loyal
17649,138,3,1578.89,526.2967,472,0,At Risk
17650,21,1,166.08,166.08,21,3,New
17651,11,16,5703.52,356.47,526,2,Champions
17652,25,12,4867.72,405.6433,281,4,Loyal
17653,36,4,1207.56,301.89,120,3,New
17654,277,1,117.55,117.55,277,1,Lost
17655,10,9,2976.38,330.7089,416,4,Loyal
17656,73,5,1674.69,334.938,128,0,At Risk
17657,430,1,126.0,126.0,430,1,Lost
17658,25,2,595.42,297.71,211,3,New
17659,17,14,3586.99,256.2136,386,4,Loyal
17660,141,2,342.22,171.11,737,1,Lost
17662,661,2,412.92,206.46,722,1,Lost
17663,25,17,5175.83,304.4606,645,4,Loyal
17664,18,4,1166.23,291.5575,620,3,New
17665,493,1,563.1,563.1,493,1,Lost
17666,3,5,2047.8,409.56,527,4,Loyal
17667,66,9,3950.7,438.9667,654,4,Loyal
17668,1,2,347.75,173.875,38,3,New
17669,42,10,6142.35,614.235,617,4,Loyal
17670,227,1,205.7,205.7,227,1,Lost
17671,15,5,2009.16,401.832,375,4,Loyal
17672,50,6,5663.74,943.9567,641,4,Loyal
17673,1,13,4173.88,321.0677,630,2,Champions
17674,74,2,551.04,275.52,368,3,New
17675,1,70,37642.48,537.7497,729,2,Champions
17676,4,10,2448.64,244.864,619,4,Loyal
17677,1,54,35058.46,649.2307,723,2,Champions
17678,263,2,599.76,299.88,603,0,At Risk
17679,52,7,3577.61,511.0871,736,4,Loyal
17680,23,3,497.45,165.8167,511,3,New
17681,597,5,731.2,146.24,693,0,At Risk
17682,10,11,4065.28,369.5709,641,4,Loyal
17683,385,3,819.01,273.0033,554,0,At Risk
17684,43,1,239.41,239.41,43,3,New
17685,16,12,5454.95,454.5792,666,4,Loyal
17686,7,9,8296.81,921.8678,533,4,Loyal
17687,420,1,432.68,432.68,420,1,Lost
17688,393,1,304.2,304.2,393,1,Lost
17689,388,2,317.08,158.54,474,1,Lost
17690,30,20,6963.8,348.19,674,2,Champions
17691,358,4,637.55,159.3875,546,0,At Risk
17692,127,12,2960.44,246.7033,540,4,Loyal
17693,137,1,200.47,200.47,137,1,Lost
17694,141,3,1695.97,565.3233,562,0,At Risk
17695,131,5,1746.04,349.208,680,0,At Risk
17696,38,27,7679.59,284.4293,729,2,Champions
17697,236,1,338.95,338.95,236,1,Lost
17698,260,1,154.95,154.95,260,1,Lost
17699,476,2,442.0,221.0,561,1,Lost
17700,16,14,6679.97,477.1407,738,4,Loyal
17701,252,1,417.95,417.95,252,1,Lost
17702,30,6,3144.04,524.0067,400,4,Loyal
17703,35,4,1094.84,273.71,418,3,New
17704,168,2,885.19,442.595,239,0,At Risk
17705,3,11,2083.9,189.4455,576,4,Loyal
17706,4,31,20272.15,653.9403,689,2,Champions
17707,185,8,609.3,76.1625,732,0,At Risk
17708,187,4,884.18,221.045,423,0,At Risk
17709,169,5,671.01,134.202,603,0,At Risk
17710,423,1,293.5,293.5,423,1,Lost
17711,10,2,385.1,192.55,289,3,New
17712,44,1,522.91,522.91,44,3,New
17713,382,4,1198.09,299.5225,548,0,At Risk
17714,320,5,1410.18,282.036,513,0,At Risk
17715,200,2,489.6,244.8,592,1,Lost
17716,22,24,15956.97,664.8738,737,2,Champions
17717,421,1,376.92,376.92,421,1,Lost
17718,232,2,439.18,219.59,644,1,Lost
17719,37,15,5396.04,359.736,255,4,Loyal
17720,26,10,2666.91,266.691,578,4,Loyal
17721,659,1,307.21,307.21,659,1,Lost
17722,96,5,3520.22,704.044,375,4,Loyal
17723,127,7,3378.4,482.6286,375,4,Loyal
17724,71,3,1033.0,344.3333,138,0,At Risk
17725,16,11,3439.08,312.6436,267,4,Loyal
17726,395,7,1092.06,156.0086,682,0,At Risk
17727,15,1,1060.25,1060.25,15,3,New
17728,3,5,4238.76,847.752,453,4,Loyal
17729,596,1,438.65,438.65,596,1,Lost
17730,3,20,7773.8,388.69,589,2,Champions
17731,79,6,1708.99,284.8317,668,4,Loyal
17732,372,8,2166.42,270.8025,487,0,At Risk
17733,38,2,692.19,346.095,261,3,New
17734,53,6,1442.32,240.3867,642,4,Loyal
17735,2,26,16790.33,645.7819,497,2,Champions
17736,9,3,377.44,125.8133,113,3,New
17737,9,2,168.24,84.12,58,3,New
17738,19,13,4183.56,321.8123,630,4,Loyal
17739,11,18,7730.59,429.4772,732,2,Champions
17740,389,6,426.9,71.15,697,0,At Risk
17741,406,2,101.1,50.55,560,1,Lost
17742,113,11,2098.48,190.7709,738,4,Loyal
17743,448,1,229.2,229.2,448,1,Lost
17744,3,7,2649.14,378.4486,380,4,Loyal
17745,477,2,600.34,300.17,555,0,At Risk
17746,240,4,904.18,226.045,610,0,At Risk
17747,112,1,71.4,71.4,112,1,Lost
17748,527,1,358.15,358.15,527,1,Lost
17749,178,3,1026.18,342.06,546,0,At Risk
17750,5,9,1694.16,188.24,164,4,Loyal
17751,421,1,157.86,157.86,421,1,Lost
17752,359,1,80.64,80.64,359,1,Lost
17753,464,4,382.06,95.515,702,0,At Risk
17754,0,13,4451.22,342.4015,728,2,Champions
17756,375,3,728.75,242.9167,394,0,At Risk
17757,1,56,9070.1,161.9661,695,2,Champions
17758,19,12,4964.03,413.6692,568,4,Loyal
17759,17,5,1260.63,252.126,583,4,Loyal
17760,21,6,746.39,124.3983,649,3,New
17761,32,1,712.78,712.78,32,3,New
17762,456,1,129.75,129.75,456,1,Lost
17763,263,4,86.15,21.5375,659,1,Lost
17764,50,5,1513.57,302.714,736,4,Loyal
17765,158,4,524.0,131.0,448,0,At Risk
17766,381,2,299.61,149.805,381,1,Lost
17767,15,2,413.05,206.525,410,3,New
17768,8,7,3292.73,470.39,737,4,Loyal
17769,12,17,7053.38,414.9047,689,2,Champions
17770,198,5,1143.27,228.654,282,0,At Risk
17771,56,4,386.93,96.7325,589,3,New
17772,10,3,360.75,120.25,392,3,New
17773,514,2,575.37,287.685,690,1,Lost
17774,96,9,3272.83,363.6478,669,4,Loyal
17775,254,1,56.4,56.4,254,1,Lost
17776,386,2,329.3,164.65,723,1,Lost
17777,24,3,647.56,215.8533,100,3,New
17778,661,1,197.7,197.7,661,1,Lost
17779,21,3,650.32,216.7733,143,3,New
17780,667,3,346.56,115.52,684,1,Lost
17781,159,2,188.02,94.01,253,1,Lost
17782,382,2,679.02,339.51,382,0,At Risk
17783,72,3,376.96,125.6533,512,3,New
17784,550,1,112.86,112.86,550,1,Lost
17785,53,3,403.38,134.46,565,3,New
17786,85,2,266.85,133.425,317,3,New
17787,152,4,1817.54,454.385,371,0,At Risk
17788,73,2,1112.95,556.475,129,0,At Risk
17789,281,2,397.15,198.575,661,1,Lost
17790,26,20,2779.41,138.9705,544,4,Loyal
17791,29,1,106.1,106.1,29,3,New
17792,467,2,368.35,184.175,478,1,Lost
17793,25,1,300.34,300.34,25,3,New
17794,686,2,147.3,73.65,688,1,Lost
17795,179,2,342.83,171.415,264,1,Lost
17796,40,7,1236.39,176.6271,421,4,Loyal
17797,22,8,1971.87,246.4838,724,4,Loyal
17798,581,1,172.17,172.17,581,1,Lost
17799,22,20,6246.93,312.3465,726,2,Champions
17800,37,9,1186.21,131.8011,334,4,Loyal
17801,451,3,770.03,256.6767,691,0,At Risk
17802,82,10,4946.22,494.622,726,4,Loyal
17803,392,1,184.66,184.66,392,1,Lost
17804,376,3,383.78,127.9267,738,0,At Risk
17805,73,2,927.03,463.515,610,3,New
17806,11,1,546.04,546.04,11,3,New
17807,395,3,437.87,145.9567,704,0,At Risk
17808,548,4,262.64,65.66,581,1,Lost
17809,16,20,10085.89,504.2945,737,2,Champions
17810,668,2,343.21,171.605,683,1,Lost
17811,4,47,9513.1,202.4064,445,2,Champions
17812,12,7,911.99,130.2843,530,4,Loyal
17813,14,5,1698.07,339.614,71,4,Loyal
17814,375,2,1609.37,804.685,422,0,At Risk
17815,393,1,591.96,591.96,393,1,Lost
17816,36,6,96.11,16.0183,724,3,New
17817,4,6,788.15,131.3583,422,3,New
17818,737,1,124.78,124.78,737,1,Lost
17819,71,12,6021.05,501.7542,726,4,Loyal
17820,374,1,180.61,180.61,374,1,Lost
17821,406,1,334.62,334.62,406,1,Lost
17822,420,5,2154.08,430.816,560,0,At Risk
17823,421,2,449.25,224.625,421,1,Lost
17824,51,1,298.4,298.4,51,3,New
17825,598,4,701.96,175.49,725,0,At Risk
17826,374,1,133.34,133.34,374,1,Lost
17827,5,6,2376.17,396.0283,621,4,Loyal
17828,22,4,1165.09,291.2725,184,3,New
17829,298,5,4756.74,951.348,655,0,At Risk
17830,1,3,398.7,132.9,288,3,New
17831,33,1,35.4,35.4,33,1,Lost
17832,49,1,155.37,155.37,49,3,New
17833,723,1,338.46,338.46,723,1,Lost
17834,414,2,689.67,344.835,445,0,At Risk
17835,2,3,342.24,114.08,23,3,New
17836,47,1,109.83,109.83,47,1,Lost
17837,42,8,1535.33,191.9162,163,4,Loyal
17838,26,13,5604.64,431.1262,630,4,Loyal
17839,42,1,318.15,318.15,42,3,New
17840,443,1,175.9,175.9,443,1,Lost
17841,1,211,68519.95,324.7391,737,2,Champions
17842,602,1,430.69,430.69,602,1,Lost
17843,303,2,312.65,156.325,411,1,Lost
17844,106,1,51.56,51.56,106,1,Lost
17845,555,4,596.09,149.0225,576,0,At Risk
17847,515,2,125.74,62.87,645,1,Lost
17848,81,30,3538.46,117.9487,733,4,Loyal
17849,218,8,1063.76,132.97,635,0,At Risk
17850,372,155,51208.87,330.3798,734,2,Champions
17851,422,6,1552.35,258.725,736,0,At Risk
17852,11,5,657.81,131.562,731,3,New
17853,407,3,1596.29,532.0967,736,0,At Risk
17854,185,6,1068.5,178.0833,731,0,At Risk
17855,372,1,208.97,208.97,372,1,Lost
17856,1,4,1418.03,354.5075,281,3,New
17857,4,23,25769.54,1120.4148,641,2,Champions
17858,5,30,12518.65,417.2883,733,2,Champions
17859,304,1,141.92,141.92,304,1,Lost
17860,368,4,717.39,179.3475,728,0,At Risk
17861,3,18,5088.29,282.6828,729,2,Champions
17862,323,4,1254.89,313.7225,563,0,At Risk
17863,59,12,5360.48,446.7067,652,4,Loyal
17864,12,5,876.57,175.314,427,3,New
17865,30,46,26310.09,571.9585,738,2,Champions
17866,142,3,1134.95,378.3167,725,0,At Risk
17867,30,14,1560.72,111.48,737,4,Loyal
17868,386,1,227.15,227.15,386,1,Lost
17869,107,7,813.64,116.2343,547,0,At Risk
17870,2,13,2753.29,211.7915,381,2,Champions
17871,204,5,1068.95,213.79,693,0,At Risk
17872,381,1,235.87,235.87,381,1,Lost
17873,80,18,6135.95,340.8861,723,4,Loyal
17874,185,6,683.46,113.91,255,0,At Risk
17875,688,1,167.1,167.1,688,1,Lost
17876,399,3,3424.02,1141.34,675,0,At Risk
17877,170,1,237.61,237.61,170,1,Lost
17878,43,3,1378.93,459.6433,395,3,New
17879,173,1,178.52,178.52,173,1,Lost
17880,364,3,824.92,274.9733,730,0,At Risk
17881,304,1,133.35,133.35,304,1,Lost
17882,379,2,291.56,145.78,379,1,Lost
17883,3,7,988.42,141.2029,652,4,Loyal
17884,3,20,2693.47,134.6735,735,2,Champions
17885,12,1,156.34,156.34,12,3,New
17886,31,6,1572.55,262.0917,589,4,Loyal
17887,129,1,111.35,111.35,129,1,Lost
17888,21,25,1807.44,72.2976,718,4,Loyal
17889,212,7,746.42,106.6314,618,0,At Risk
17890,322,2,586.89,293.445,361,0,At Risk
17891,162,1,203.86,203.86,162,1,Lost
17892,56,3,244.1,81.3667,155,3,New
17893,225,1,107.21,107.21,225,1,Lost
17894,71,18,2304.16,128.0089,469,4,Loyal
17895,44,1,95.45,95.45,44,1,Lost
17896,23,1,256.32,256.32,23,3,New
17897,172,9,2053.04,228.1156,576,0,At Risk
17898,85,4,299.18,74.795,567,3,New
17899,159,1,154.55,154.55,159,1,Lost
17900,190,2,112.2,56.1,190,1,Lost
17901,29,3,260.08,86.6933,521,3,New
17902,546,1,216.4,216.4,546,1,Lost
17903,394,1,381.09,381.09,394,1,Lost
17904,21,1,181.07,181.07,21,3,New
17905,71,13,2168.37,166.7977,680,4,Loyal
17906,247,1,72.9,72.9,247,1,Lost
17907,640,1,291.76,291.76,640,1,Lost
17908,373,5,1142.47,228.494,725,0,At Risk
17909,737,1,110.05,110.05,737,1,Lost
17910,726,1,261.7,261.7,726,1,Lost
17911,9,1,366.23,366.23,9,3,New
17912,310,6,371.6,61.9333,375,0,At Risk
17913,58,14,3425.09,244.6493,736,4,Loyal
17914,3,1,329.36,329.36,3,3,New
17915,551,1,225.78,225.78,551,1,Lost
17916,628,2,43.87,21.935,733,1,Lost
17917,45,3,335.03,111.6767,362,3,New
17918,500,3,388.44,129.48,505,1,Lost
17919,88,2,1840.32,920.16,438,0,At Risk
17920,4,54,23569.88,436.4793,733,2,Champions
17921,64,10,2394.36,239.436,512,4,Loyal
17922,543,1,170.4,170.4,543,1,Lost
17923,282,3,497.0,165.6667,544,0,At Risk
17924,11,8,3257.7,407.2125,414,4,Loyal
17925,372,1,244.08,244.08,372,1,Lost
17926,133,5,1035.49,207.098,579,0,At Risk
17927,721,1,294.0,294.0,721,1,Lost
17928,45,3,313.16,104.3867,571,3,New
17929,11,12,3082.1,256.8417,730,4,Loyal
17930,35,13,4275.22,328.8631,645,4,Loyal
17931,134,14,3402.24,243.0171,661,4,Loyal
17932,29,3,1331.57,443.8567,211,3,New
17933,632,1,105.99,105.99,632,1,Lost
17934,51,3,1049.15,349.7167,406,3,New
17935,138,7,683.24,97.6057,735,0,At Risk
17936,5,1,380.13,380.13,5,3,New
17937,8,7,4301.22,614.46,362,4,Loyal
17938,420,1,144.29,144.29,420,1,Lost
17939,159,1,99.14,99.14,159,1,Lost
17940,49,14,28389.58,2027.8271,736,2,Champions
17941,130,4,1433.28,358.32,702,0,At Risk
17942,7,1,77.5,77.5,7,3,New
17944,423,1,74.99,74.99,423,1,Lost
17945,696,3,359.5,119.8333,696,1,Lost
17946,233,2,149.58,74.79,259,1,Lost
17947,37,1,176.68,176.68,37,3,New
17948,147,1,358.56,358.56,147,1,Lost
17949,1,116,107833.48,929.599,737,2,Champions
17950,72,7,1166.29,166.6129,704,4,Loyal
17951,39,4,1340.58,335.145,404,3,New
17952,378,4,788.46,197.115,541,0,At Risk
17953,540,1,148.67,148.67,540,1,Lost
17954,5,19,3801.83,200.0963,730,2,Champions
17955,198,6,949.9,158.3167,665,0,At Risk
17956,249,1,12.75,12.75,249,1,Lost
17957,66,1,110.72,110.72,66,1,Lost
17958,116,2,973.88,486.94,728,0,At Risk
17959,592,1,140.75,140.75,592,1,Lost
17960,171,3,135.08,45.0267,641,1,Lost
17961,21,100,2866.74,28.6674,738,2,Champions
17962,142,4,665.91,166.4775,695,0,At Risk
17963,471,4,643.16,160.79,689,0,At Risk
17964,31,2,463.21,231.605,372,3,New
17965,37,29,7002.9,241.4793,725,2,Champions
17966,37,10,1963.92,196.392,690,4,Loyal
17967,371,2,223.42,111.71,416,1,Lost
17968,373,4,590.44,147.61,512,0,At Risk
17969,166,20,2354.29,117.7145,733,4,Loyal
17970,211,1,562.79,562.79,211,1,Lost
17971,548,1,161.94,161.94,548,1,Lost
17972,241,1,135.19,135.19,241,1,Lost
17973,51,1,337.04,337.04,51,3,New
17974,24,6,1739.09,289.8483,407,4,Loyal
17975,15,24,6693.03,278.8762,490,2,Champions
17976,372,1,321.79,321.79,372,1,Lost
17977,29,2,1511.45,755.725,400,3,New
17978,365,4,1159.99,289.9975,731,0,At Risk
17979,35,4,729.01,182.2525,259,3,New
17980,165,4,1012.72,253.18,393,0,At Risk
17981,410,1,239.12,239.12,410,1,Lost
17982,680,1,138.18,138.18,680,1,Lost
17983,395,1,171.71,171.71,395,1,Lost
17984,145,5,1148.69,229.738,738,0,At Risk
17985,22,1,631.35,631.35,22,3,New
17986,56,1,20.8,20.8,56,1,Lost
17987,185,5,965.44,193.088,550,0,At Risk
17988,11,13,485.69,37.3608,732,4,Loyal
17989,379,1,207.33,207.33,379,1,Lost
17990,236,6,1527.61,254.6017,732,0,At Risk
17991,225,3,298.65,99.55,591,1,Lost
17992,389,1,252.88,252.88,389,1,Lost
17993,617,1,225.99,225.99,617,1,Lost
17994,121,11,2264.03,205.8209,620,4,Loyal
17995,281,3,495.48,165.16,387,0,At Risk
17996,379,3,469.73,156.5767,546,0,At Risk
17997,74,8,1962.46,245.3075,164,4,Loyal
17998,380,3,639.24,213.08,738,0,At Risk
17999,37,3,528.46,176.1533,378,3,New
18000,564,1,124.25,124.25,564,1,Lost
18001,12,6,924.14,154.0233,737,3,New
18002,375,4,237.62,59.405,731,1,Lost
18003,376,1,353.51,353.51,376,1,Lost
18004,362,1,157.92,157.92,362,1,Lost
18005,3,2,226.47,113.235,47,3,New
18006,23,4,969.51,242.3775,722,3,New
18007,392,1,215.22,215.22,392,1,Lost
18008,70,23,19759.08,859.0904,702,2,Champions
18009,235,8,2144.23,268.0288,652,0,At Risk
18010,256,1,174.8,174.8,256,1,Lost
18011,373,2,410.79,205.395,567,1,Lost
18012,723,1,115.3,115.3,723,1,Lost
18013,155,2,187.29,93.645,155,1,Lost
18014,28,1,154.27,154.27,28,3,New
18015,4,1,120.03,120.03,4,3,New
18016,32,7,1954.56,279.2229,681,4,Loyal
18017,81,4,688.0,172.0,431,0,At Risk
18018,108,4,297.99,74.4975,420,0,At Risk
18019,51,1,38.45,38.45,51,1,Lost
18020,543,1,190.48,190.48,543,1,Lost
18021,509,2,216.41,108.205,512,1,Lost
18022,35,5,1506.62,301.324,546,4,Loyal
18024,152,2,389.78,194.89,152,1,Lost
18025,379,6,1177.72,196.2867,619,0,At Risk
18026,500,2,2074.07,1037.035,505,0,At Risk
18027,98,1,115.31,115.31,98,1,Lost
18028,583,1,192.05,192.05,583,1,Lost
18029,642,1,433.77,433.77,642,1,Lost
18030,4,2,230.65,115.325,42,3,New
18031,378,1,451.3,451.3,378,1,Lost
18032,334,1,73.5,73.5,334,1,Lost
18033,65,1,93.82,93.82,65,1,Lost
18034,21,3,753.35,251.1167,375,3,New
18035,35,5,1260.23,252.046,385,4,Loyal
18036,32,11,1545.49,140.4991,721,4,Loyal
18037,154,15,167.42,11.1613,738,0,At Risk
18038,556,1,141.48,141.48,556,1,Lost
18039,374,4,548.22,137.055,640,0,At Risk
18040,19,2,357.2,178.6,245,3,New
18041,11,38,8018.77,211.0203,694,2,Champions
18042,53,2,281.15,140.575,541,3,New
18043,24,3,529.29,176.43,366,3,New
18044,4,18,3505.61,194.7561,560,2,Champions
18045,45,1,178.34,178.34,45,3,New
18046,649,1,189.63,189.63,649,1,Lost
18047,381,2,326.09,163.045,381,1,Lost
18048,203,3,394.93,131.6433,493,0,At Risk
18049,437,2,500.5,250.25,590,1,Lost
18050,359,2,412.06,206.03,393,1,Lost
18051,634,7,2282.28,326.04,730,0,At Risk
18052,564,1,10877.18,10877.18,564,0,At Risk
18053,70,3,571.07,190.3567,527,3,New
18054,392,1,176.5,176.5,392,1,Lost
18055,7,14,10142.64,724.4743,413,2,Champions
18056,288,2,554.6,277.3,618,0,At Risk
18057,393,3,1168.14,389.38,690,0,At Risk
18058,9,3,774.06,258.02,667,3,New
18059,23,3,306.46,102.1533,67,3,New
18060,408,2,1185.46,592.73,564,0,At Risk
18061,21,28,6083.81,217.2789,735,2,Champions
18062,173,6,1632.67,272.1117,597,0,At Risk
18063,390,2,186.6,93.3,633,1,Lost
18064,133,11,4481.83,407.4391,676,4,Loyal
18065,5,28,5846.63,208.8082,730,2,Champions
18066,75,3,1440.4,480.1333,415,0,At Risk
18067,40,1,396.33,396.33,40,3,New
18068,289,1,101.7,101.7,289,1,Lost
18069,26,11,4449.02,404.4564,649,4,Loyal
18070,669,1,314.1,314.1,669,1,Lost
18071,257,6,1169.68,194.9467,734,0,At Risk
18072,185,1,247.44,247.44,185,1,Lost
18073,114,12,3859.82,321.6517,197,4,Loyal
18074,373,2,1019.44,509.72,505,0,At Risk
18075,23,20,5783.29,289.1645,498,2,Champions
18076,380,1,151.49,151.49,380,1,Lost
18077,8,18,4078.79,226.5994,732,2,Champions
18078,217,4,725.53,181.3825,628,0,At Risk
18079,45,5,4203.93,840.786,491,4,Loyal
18080,18,2,1231.5,615.75,242,3,New
18081,36,3,343.45,114.4833,133,3,New
18082,25,1,680.84,680.84,25,3,New
18083,397,1,463.53,463.53,397,1,Lost
18084,16,3,795.23,265.0767,388,3,New
18085,330,4,1341.85,335.4625,628,0,At Risk
18086,274,1,101.34,101.34,274,1,Lost
18087,290,16,13908.72,869.295,738,4,Loyal
18088,61,1,166.03,166.03,61,1,Lost
18089,446,1,428.45,428.45,446,1,Lost
18090,421,1,321.9,321.9,421,1,Lost
18091,593,1,360.85,360.85,593,1,Lost
18092,2,18,14693.72,816.3178,735,2,Champions
18093,93,8,4452.71,556.5888,618,4,Loyal
18094,81,13,6391.52,491.6554,701,4,Loyal
18095,312,5,2303.09,460.618,599,0,At Risk
18096,11,6,1638.16,273.0267,513,4,Loyal
18097,7,11,4627.92,420.72,722,4,Loyal
18098,396,1,527.94,527.94,396,1,Lost
18099,127,1,168.31,168.31,127,1,Lost
18100,550,1,451.56,451.56,550,1,Lost
18101,11,5,622.01,124.402,674,3,New
18102,0,145,580987.04,4006.8072,738,2,Champions
18103,549,1,105.8,105.8,549,1,Lost
18104,37,1,754.64,754.64,37,3,New
18105,37,1,113.48,113.48,37,3,New
18106,329,6,1441.06,240.1767,693,0,At Risk
18107,442,1,165.88,165.88,442,1,Lost
18108,254,3,848.81,282.9367,737,0,At Risk
18109,1,38,9555.71,251.4661,526,2,Champions
18110,19,2,392.28,196.14,411,3,New
18111,589,1,405.85,405.85,589,1,Lost
18112,12,4,773.36,193.34,551,3,New
18113,368,1,76.32,76.32,368,1,Lost
18114,290,1,220.1,220.1,290,1,Lost
18115,697,1,9.7,9.7,697,1,Lost
18116,67,13,2130.89,163.9146,411,4,Loyal
18117,25,1,314.4,314.4,25,3,New
18118,10,29,6218.62,214.4352,381,2,Champions
18119,367,1,180.7,180.7,367,1,Lost
18120,214,1,111.15,111.15,214,1,Lost
18121,149,2,653.3,326.65,154,0,At Risk
18122,8,6,1791.84,298.64,150,4,Loyal
18123,24,3,666.64,222.2133,513,3,New
18124,472,1,102.65,102.65,472,1,Lost
18125,29,4,1131.75,282.9375,316,3,New
18126,60,1,198.58,198.58,60,1,Lost
18127,19,4,556.13,139.0325,403,3,New
18128,537,1,399.29,399.29,537,1,Lost
18129,243,1,112.55,112.55,243,1,Lost
18130,15,3,1059.39,353.13,57,3,New
18131,631,1,222.96,222.96,631,1,Lost
18132,504,1,220.13,220.13,504,1,Lost
18133,212,1,931.5,931.5,212,0,At Risk
18134,598,2,445.0,222.5,694,1,Lost
18135,29,10,1249.62,124.962,634,4,Loyal
18136,63,5,1631.36,326.272,451,4,Loyal
18137,551,2,145.99,72.995,551,1,Lost
18138,295,1,152.65,152.65,295,1,Lost
18139,17,6,8438.34,1406.39,18,4,Loyal
18140,473,1,536.41,536.41,473,1,Lost
18141,401,2,882.47,441.235,589,0,At Risk
18142,157,2,1019.52,509.76,215,0,At Risk
18143,116,2,1000.16,500.08,141,0,At Risk
18144,7,19,4892.95,257.5237,723,2,Champions
18145,12,11,5609.74,509.9764,731,4,Loyal
18146,140,2,160.35,80.175,220,1,Lost
18147,45,2,179.34,89.67,108,3,New
18148,646,1,112.85,112.85,646,1,Lost
18149,50,7,1553.96,221.9943,635,4,Loyal
18150,32,3,566.58,188.86,201,3,New
18151,134,6,1879.44,313.24,645,0,At Risk
18152,646,1,426.69,426.69,646,1,Lost
18153,659,1,246.22,246.22,659,1,Lost
18154,3,5,932.6,186.52,490,3,New
18155,75,3,371.62,123.8733,291,3,New
18156,12,2,675.64,337.82,369,3,New
18157,571,1,213.9,213.9,571,1,Lost
18158,9,2,453.4,226.7,88,3,New
18159,301,1,530.15,530.15,301,1,Lost
18160,57,3,1003.88,334.6267,386,3,New
18161,15,6,1803.1,300.5167,379,4,Loyal
18162,732,1,371.51,371.51,732,1,Lost
18163,584,1,728.84,728.84,584,1,Lost
18164,37,1,399.65,399.65,37,3,New
18165,177,1,302.46,302.46,177,1,Lost
18166,623,1,175.5,175.5,623,1,Lost
18167,23,3,1384.86,461.62,105,3,New
18168,176,16,3435.5,214.7188,736,4,Loyal
18169,60,1,202.65,202.65,60,1,Lost
18170,33,9,2878.0,319.7778,700,4,Loyal
18171,58,9,2437.31,270.8122,703,4,Loyal
18172,14,52,17467.24,335.9085,728,2,Champions
18173,86,5,2696.36,539.272,612,4,Loyal
18174,7,2,162.5,81.25,603,3,New
18175,675,1,176.1,176.1,675,1,Lost
18176,358,1,476.35,476.35,358,1,Lost
18177,31,9,2216.32,246.2578,724,4,Loyal
18178,128,11,6103.74,554.8855,659,4,Loyal
18179,9,8,2547.55,318.4438,663,4,Loyal
18180,4,6,1843.75,307.2917,142,4,Loyal
18181,24,5,1188.34,237.668,735,4,Loyal
18182,463,1,291.13,291.13,463,1,Lost
18183,227,2,632.07,316.035,274,0,At Risk
18184,15,1,49.8,49.8,15,3,New
18185,249,1,304.25,304.25,249,1,Lost
18186,722,1,329.58,329.58,722,1,Lost
18187,631,1,724.89,724.89,631,1,Lost
18188,15,6,3280.59,546.765,623,4,Loyal
18189,77,3,1403.73,467.91,625,0,At Risk
18190,192,5,745.62,149.124,717,0,At Risk
18191,261,2,529.4,264.7,477,0,At Risk
18192,71,1,957.97,957.97,71,3,New
18193,165,3,1207.35,402.45,442,0,At Risk
18194,82,6,4162.04,693.6733,680,4,Loyal
18195,387,1,101.16,101.16,387,1,Lost
18196,95,4,1455.27,363.8175,632,0,At Risk
18197,575,1,230.1,230.1,575,1,Lost
18198,4,17,5425.56,319.1506,336,2,Champions
18199,683,1,344.75,344.75,683,1,Lost
18200,106,1,150.35,150.35,106,1,Lost
18201,722,1,447.53,447.53,722,1,Lost
18202,199,3,1396.99,465.6633,311,0,At Risk
18203,157,4,482.52,120.63,731,0,At Risk
18204,71,3,1975.35,658.45,192,0,At Risk
18205,36,2,517.36,258.68,74,3,New
18206,553,1,314.66,314.66,553,1,Lost
18207,499,1,544.47,544.47,499,1,Lost
18208,565,1,360.08,360.08,565,1,Lost
18209,28,1,139.1,139.1,28,3,New
18210,1,7,2768.83,395.5471,382,4,Loyal
18211,25,5,600.07,120.014,278,3,New
18212,326,2,514.37,257.185,677,1,Lost
18213,236,1,232.48,232.48,236,1,Lost
18214,530,4,1780.34,445.085,554,0,At Risk
18215,89,5,2232.49,446.498,623,0,At Risk
18216,31,1,481.75,481.75,31,3,New
18217,29,4,945.04,236.26,526,3,New
18218,211,4,1121.84,280.46,660,0,At Risk
18219,2,17,3352.7,197.2176,732,2,Champions
18220,226,6,1921.76,320.2933,724,0,At Risk
18221,22,6,1424.94,237.49,390,4,Loyal
18222,92,1,443.0,443.0,92,1,Lost
18223,4,26,14000.85,538.4942,735,2,Champions
18224,263,1,158.95,158.95,263,1,Lost
18225,3,26,13014.8,500.5692,735,2,Champions
18226,44,26,11878.88,456.88,644,2,Champions
18227,217,2,388.75,194.375,484,1,Lost
18228,56,2,779.9,389.95,79,3,New
18229,11,28,10150.51,362.5182,736,2,Champions
18230,9,9,4291.06,476.7844,525,4,Loyal
18231,192,28,6848.27,244.5811,698,4,Loyal
18232,81,4,592.97,148.2425,197,0,At Risk
18233,325,1,440.0,440.0,325,1,Lost
18234,551,1,179.6,179.6,551,1,Lost
18235,71,3,1796.48,598.8267,217,0,At Risk
18236,29,12,1795.35,149.6125,603,4,Loyal
18237,2,5,987.1,197.42,134,3,New
18238,515,1,270.92,270.92,515,1,Lost
18239,218,6,1712.26,285.3767,422,0,At Risk
18240,46,1,422.58,422.58,46,3,New
18241,9,21,2986.99,142.2376,617,2,Champions
18242,72,8,3605.21,450.6512,697,4,Loyal
18243,414,1,515.78,515.78,414,1,Lost
18244,430,2,568.64,284.32,502,0,At Risk
18245,7,20,6324.98,316.249,641,2,Champions
18246,23,3,758.82,252.94,609,3,New
18247,414,3,839.73,279.91,631,0,At Risk
18248,122,2,804.02,402.01,186,0,At Risk
18249,17,1,95.34,95.34,17,3,New
18250,310,1,349.27,349.27,310,1,Lost
18251,87,9,26278.86,2919.8733,717,4,Loyal
18252,50,7,1533.69,219.0986,721,4,Loyal
18253,642,1,317.88,317.88,642,1,Lost
18254,581,1,267.9,267.9,581,1,Lost
18255,89,2,303.15,151.575,456,3,New
18256,387,1,110.7,110.7,387,1,Lost
18257,39,12,4585.15,382.0958,659,4,Loyal
18258,464,6,2059.67,343.2783,572,0,At Risk
18259,24,7,3941.9,563.1286,731,4,Loyal
18260,172,23,9947.26,432.4896,724,4,Loyal
18261,43,2,324.24,162.12,95,3,New
18262,140,3,577.54,192.5133,602,0,At Risk
18263,25,3,1213.16,404.3867,252,3,New
18264,498,1,603.25,603.25,498,1,Lost
18265,72,2,801.51,400.755,158,3,New
18266,434,1,251.1,251.1,434,1,Lost
18267,672,1,269.37,269.37,672,1,Lost
18268,134,6,1490.23,248.3717,728,0,At Risk
18269,366,1,168.6,168.6,366,1,Lost
18270,38,3,444.55,148.1833,432,3,New
18271,609,2,680.85,340.425,731,0,At Risk
18272,2,9,4385.98,487.3311,645,4,Loyal
18273,2,4,357.0,89.25,590,3,New
18274,30,1,175.92,175.92,30,3,New
18275,578,2,741.85,370.925,731,0,At Risk
18276,43,6,1656.52,276.0867,729,4,Loyal
18277,58,5,1180.05,236.01,494,0,At Risk
18278,73,2,414.2,207.1,404,3,New
18279,519,1,231.34,231.34,519,1,Lost
18280,277,2,488.15,244.075,394,1,Lost
18281,180,2,201.14,100.57,577,1,Lost
18282,7,2,178.05,89.025,126,3,New
18283,3,22,2658.95,120.8614,658,2,Champions
18284,431,1,411.68,411.68,431,1,Lost
18285,660,1,377.0,377.0,660,1,Lost
18286,476,2,1246.43,623.215,723,0,At Risk
18287,42,7,4132.99,590.4271,571,4,Loyal
